model_id,direction_or_slice,metric,value,unit,split,checkpoint_id,evidence_path
task3_formal_20260927T075834Z_d335ae80,A2B,FID,176.16751662531345,raw,heldout_test,d22ff9d9de85ed8103f0cc7124a9007cd155ca4eaf21f993704cfcf02d2ddfbf,task3_gan\Yuyao_Ding\outputs\task3_formal_20260927T075834Z_d335ae80\evaluation_20260927T130841Z_a267de\evaluation.json
task3_formal_20260927T075834Z_d335ae80,A2B,MiFID,0.41854897141456604,raw,heldout_test,d22ff9d9de85ed8103f0cc7124a9007cd155ca4eaf21f993704cfcf02d2ddfbf,task3_gan\Yuyao_Ding\outputs\task3_formal_20260927T075834Z_d335ae80\evaluation_20260927T130841Z_a267de\evaluation.json
task3_formal_20260927T075834Z_d335ae80,A2B,generative_precision,0.9333333333333333,raw,heldout_test,d22ff9d9de85ed8103f0cc7124a9007cd155ca4eaf21f993704cfcf02d2ddfbf,task3_gan\Yuyao_Ding\outputs\task3_formal_20260927T075834Z_d335ae80\evaluation_20260927T130841Z_a267de\evaluation.json
task3_formal_20260927T075834Z_d335ae80,A2B,generative_recall,0.43333333333333335,raw,heldout_test,d22ff9d9de85ed8103f0cc7124a9007cd155ca4eaf21f993704cfcf02d2ddfbf,task3_gan\Yuyao_Ding\outputs\task3_formal_20260927T075834Z_d335ae80\evaluation_20260927T130841Z_a267de\evaluation.json
task3_formal_20260927T075834Z_d335ae80,A2B,density,1.7933333333333334,raw,heldout_test,d22ff9d9de85ed8103f0cc7124a9007cd155ca4eaf21f993704cfcf02d2ddfbf,task3_gan\Yuyao_Ding\outputs\task3_formal_20260927T075834Z_d335ae80\evaluation_20260927T130841Z_a267de\evaluation.json
task3_formal_20260927T075834Z_d335ae80,A2B,coverage,0.9333333333333333,raw,heldout_test,d22ff9d9de85ed8103f0cc7124a9007cd155ca4eaf21f993704cfcf02d2ddfbf,task3_gan\Yuyao_Ding\outputs\task3_formal_20260927T075834Z_d335ae80\evaluation_20260927T130841Z_a267de\evaluation.json
task3_formal_20260927T075834Z_d335ae80,A2B,n_real,30,raw,heldout_test,d22ff9d9de85ed8103f0cc7124a9007cd155ca4eaf21f993704cfcf02d2ddfbf,task3_gan\Yuyao_Ding\outputs\task3_formal_20260927T075834Z_d335ae80\evaluation_20260927T130841Z_a267de\evaluation.json
task3_formal_20260927T075834Z_d335ae80,A2B,n_generated,30,raw,heldout_test,d22ff9d9de85ed8103f0cc7124a9007cd155ca4eaf21f993704cfcf02d2ddfbf,task3_gan\Yuyao_Ding\outputs\task3_formal_20260927T075834Z_d335ae80\evaluation_20260927T130841Z_a267de\evaluation.json
task3_formal_20260927T075834Z_d335ae80,A2B,KID,0.01844389734216808,raw,heldout_test,d22ff9d9de85ed8103f0cc7124a9007cd155ca4eaf21f993704cfcf02d2ddfbf,task3_gan\Yuyao_Ding\outputs\task3_formal_20260927T075834Z_d335ae80\evaluation_20260927T130841Z_a267de\evaluation.json
task3_formal_20260927T075834Z_d335ae80,A2B,KID_subset_std,1.740487061005247e-16,raw,heldout_test,d22ff9d9de85ed8103f0cc7124a9007cd155ca4eaf21f993704cfcf02d2ddfbf,task3_gan\Yuyao_Ding\outputs\task3_formal_20260927T075834Z_d335ae80\evaluation_20260927T130841Z_a267de\evaluation.json
task3_formal_20260927T075834Z_d335ae80,A2B,KID_subset_size,30,raw,heldout_test,d22ff9d9de85ed8103f0cc7124a9007cd155ca4eaf21f993704cfcf02d2ddfbf,task3_gan\Yuyao_Ding\outputs\task3_formal_20260927T075834Z_d335ae80\evaluation_20260927T130841Z_a267de\evaluation.json
task3_formal_20260927T075834Z_d335ae80,A2B,content_preservation_cosine,0.8140935897827148,raw,heldout_test,d22ff9d9de85ed8103f0cc7124a9007cd155ca4eaf21f993704cfcf02d2ddfbf,task3_gan\Yuyao_Ding\outputs\task3_formal_20260927T075834Z_d335ae80\evaluation_20260927T130841Z_a267de\evaluation.json
task3_formal_20260927T075834Z_d335ae80,A2B,inference_images_per_second_including_io,70.11065797410173,raw,heldout_test,d22ff9d9de85ed8103f0cc7124a9007cd155ca4eaf21f993704cfcf02d2ddfbf,task3_gan\Yuyao_Ding\outputs\task3_formal_20260927T075834Z_d335ae80\evaluation_20260927T130841Z_a267de\evaluation.json
task3_formal_20260927T075834Z_d335ae80,A2B,cycle_L1_0_to_1,0.06681269655625026,raw,heldout_test,d22ff9d9de85ed8103f0cc7124a9007cd155ca4eaf21f993704cfcf02d2ddfbf,task3_gan\Yuyao_Ding\outputs\task3_formal_20260927T075834Z_d335ae80\evaluation_20260927T130841Z_a267de\evaluation.json
task3_formal_20260927T075834Z_d335ae80,A2B,LPIPS_input_translation_alex,0.29394832750161487,raw,heldout_test,d22ff9d9de85ed8103f0cc7124a9007cd155ca4eaf21f993704cfcf02d2ddfbf,task3_gan\Yuyao_Ding\outputs\task3_formal_20260927T075834Z_d335ae80\evaluation_20260927T130841Z_a267de\evaluation.json
task3_formal_20260927T075834Z_d335ae80,A2B,LPIPS_input_cycle_alex,0.292868314186732,raw,heldout_test,d22ff9d9de85ed8103f0cc7124a9007cd155ca4eaf21f993704cfcf02d2ddfbf,task3_gan\Yuyao_Ding\outputs\task3_formal_20260927T075834Z_d335ae80\evaluation_20260927T130841Z_a267de\evaluation.json
task3_formal_20260927T075834Z_d335ae80,B2A,FID,208.06104542174884,raw,heldout_test,d22ff9d9de85ed8103f0cc7124a9007cd155ca4eaf21f993704cfcf02d2ddfbf,task3_gan\Yuyao_Ding\outputs\task3_formal_20260927T075834Z_d335ae80\evaluation_20260927T130841Z_a267de\evaluation.json
task3_formal_20260927T075834Z_d335ae80,B2A,MiFID,0.4083499014377594,raw,heldout_test,d22ff9d9de85ed8103f0cc7124a9007cd155ca4eaf21f993704cfcf02d2ddfbf,task3_gan\Yuyao_Ding\outputs\task3_formal_20260927T075834Z_d335ae80\evaluation_20260927T130841Z_a267de\evaluation.json
task3_formal_20260927T075834Z_d335ae80,B2A,generative_precision,0.43333333333333335,raw,heldout_test,d22ff9d9de85ed8103f0cc7124a9007cd155ca4eaf21f993704cfcf02d2ddfbf,task3_gan\Yuyao_Ding\outputs\task3_formal_20260927T075834Z_d335ae80\evaluation_20260927T130841Z_a267de\evaluation.json
task3_formal_20260927T075834Z_d335ae80,B2A,generative_recall,0.8333333333333334,raw,heldout_test,d22ff9d9de85ed8103f0cc7124a9007cd155ca4eaf21f993704cfcf02d2ddfbf,task3_gan\Yuyao_Ding\outputs\task3_formal_20260927T075834Z_d335ae80\evaluation_20260927T130841Z_a267de\evaluation.json
task3_formal_20260927T075834Z_d335ae80,B2A,density,0.3066666666666667,raw,heldout_test,d22ff9d9de85ed8103f0cc7124a9007cd155ca4eaf21f993704cfcf02d2ddfbf,task3_gan\Yuyao_Ding\outputs\task3_formal_20260927T075834Z_d335ae80\evaluation_20260927T130841Z_a267de\evaluation.json
task3_formal_20260927T075834Z_d335ae80,B2A,coverage,0.7666666666666667,raw,heldout_test,d22ff9d9de85ed8103f0cc7124a9007cd155ca4eaf21f993704cfcf02d2ddfbf,task3_gan\Yuyao_Ding\outputs\task3_formal_20260927T075834Z_d335ae80\evaluation_20260927T130841Z_a267de\evaluation.json
task3_formal_20260927T075834Z_d335ae80,B2A,n_real,30,raw,heldout_test,d22ff9d9de85ed8103f0cc7124a9007cd155ca4eaf21f993704cfcf02d2ddfbf,task3_gan\Yuyao_Ding\outputs\task3_formal_20260927T075834Z_d335ae80\evaluation_20260927T130841Z_a267de\evaluation.json
task3_formal_20260927T075834Z_d335ae80,B2A,n_generated,30,raw,heldout_test,d22ff9d9de85ed8103f0cc7124a9007cd155ca4eaf21f993704cfcf02d2ddfbf,task3_gan\Yuyao_Ding\outputs\task3_formal_20260927T075834Z_d335ae80\evaluation_20260927T130841Z_a267de\evaluation.json
task3_formal_20260927T075834Z_d335ae80,B2A,KID,0.014323885539151924,raw,heldout_test,d22ff9d9de85ed8103f0cc7124a9007cd155ca4eaf21f993704cfcf02d2ddfbf,task3_gan\Yuyao_Ding\outputs\task3_formal_20260927T075834Z_d335ae80\evaluation_20260927T130841Z_a267de\evaluation.json
task3_formal_20260927T075834Z_d335ae80,B2A,KID_subset_std,1.443127292523182e-16,raw,heldout_test,d22ff9d9de85ed8103f0cc7124a9007cd155ca4eaf21f993704cfcf02d2ddfbf,task3_gan\Yuyao_Ding\outputs\task3_formal_20260927T075834Z_d335ae80\evaluation_20260927T130841Z_a267de\evaluation.json
task3_formal_20260927T075834Z_d335ae80,B2A,KID_subset_size,30,raw,heldout_test,d22ff9d9de85ed8103f0cc7124a9007cd155ca4eaf21f993704cfcf02d2ddfbf,task3_gan\Yuyao_Ding\outputs\task3_formal_20260927T075834Z_d335ae80\evaluation_20260927T130841Z_a267de\evaluation.json
task3_formal_20260927T075834Z_d335ae80,B2A,content_preservation_cosine,0.751451313495636,raw,heldout_test,d22ff9d9de85ed8103f0cc7124a9007cd155ca4eaf21f993704cfcf02d2ddfbf,task3_gan\Yuyao_Ding\outputs\task3_formal_20260927T075834Z_d335ae80\evaluation_20260927T130841Z_a267de\evaluation.json
task3_formal_20260927T075834Z_d335ae80,B2A,inference_images_per_second_including_io,85.80492023663048,raw,heldout_test,d22ff9d9de85ed8103f0cc7124a9007cd155ca4eaf21f993704cfcf02d2ddfbf,task3_gan\Yuyao_Ding\outputs\task3_formal_20260927T075834Z_d335ae80\evaluation_20260927T130841Z_a267de\evaluation.json
task3_formal_20260927T075834Z_d335ae80,B2A,cycle_L1_0_to_1,0.06114251054823398,raw,heldout_test,d22ff9d9de85ed8103f0cc7124a9007cd155ca4eaf21f993704cfcf02d2ddfbf,task3_gan\Yuyao_Ding\outputs\task3_formal_20260927T075834Z_d335ae80\evaluation_20260927T130841Z_a267de\evaluation.json
task3_formal_20260927T075834Z_d335ae80,B2A,LPIPS_input_translation_alex,0.388008684416612,raw,heldout_test,d22ff9d9de85ed8103f0cc7124a9007cd155ca4eaf21f993704cfcf02d2ddfbf,task3_gan\Yuyao_Ding\outputs\task3_formal_20260927T075834Z_d335ae80\evaluation_20260927T130841Z_a267de\evaluation.json
task3_formal_20260927T075834Z_d335ae80,B2A,LPIPS_input_cycle_alex,0.2314827541510264,raw,heldout_test,d22ff9d9de85ed8103f0cc7124a9007cd155ca4eaf21f993704cfcf02d2ddfbf,task3_gan\Yuyao_Ding\outputs\task3_formal_20260927T075834Z_d335ae80\evaluation_20260927T130841Z_a267de\evaluation.json
task3_formal_20260927T075834Z_d335ae80,A2B,FID,103.49084167062487,raw,course_kaggle,d22ff9d9de85ed8103f0cc7124a9007cd155ca4eaf21f993704cfcf02d2ddfbf,task3_gan\Yuyao_Ding\outputs\task3_formal_20260927T075834Z_d335ae80\evaluation_20260927T130841Z_a267de\evaluation.json
task3_formal_20260927T075834Z_d335ae80,A2B,MiFID,0.424612432718277,raw,course_kaggle,d22ff9d9de85ed8103f0cc7124a9007cd155ca4eaf21f993704cfcf02d2ddfbf,task3_gan\Yuyao_Ding\outputs\task3_formal_20260927T075834Z_d335ae80\evaluation_20260927T130841Z_a267de\evaluation.json
task3_formal_20260927T075834Z_d335ae80,A2B,generative_precision,0.74,raw,course_kaggle,d22ff9d9de85ed8103f0cc7124a9007cd155ca4eaf21f993704cfcf02d2ddfbf,task3_gan\Yuyao_Ding\outputs\task3_formal_20260927T075834Z_d335ae80\evaluation_20260927T130841Z_a267de\evaluation.json
task3_formal_20260927T075834Z_d335ae80,A2B,generative_recall,0.47333333333333333,raw,course_kaggle,d22ff9d9de85ed8103f0cc7124a9007cd155ca4eaf21f993704cfcf02d2ddfbf,task3_gan\Yuyao_Ding\outputs\task3_formal_20260927T075834Z_d335ae80\evaluation_20260927T130841Z_a267de\evaluation.json
task3_formal_20260927T075834Z_d335ae80,A2B,density,0.9400000000000001,raw,course_kaggle,d22ff9d9de85ed8103f0cc7124a9007cd155ca4eaf21f993704cfcf02d2ddfbf,task3_gan\Yuyao_Ding\outputs\task3_formal_20260927T075834Z_d335ae80\evaluation_20260927T130841Z_a267de\evaluation.json
task3_formal_20260927T075834Z_d335ae80,A2B,coverage,0.8633333333333333,raw,course_kaggle,d22ff9d9de85ed8103f0cc7124a9007cd155ca4eaf21f993704cfcf02d2ddfbf,task3_gan\Yuyao_Ding\outputs\task3_formal_20260927T075834Z_d335ae80\evaluation_20260927T130841Z_a267de\evaluation.json
task3_formal_20260927T075834Z_d335ae80,A2B,n_real,300,raw,course_kaggle,d22ff9d9de85ed8103f0cc7124a9007cd155ca4eaf21f993704cfcf02d2ddfbf,task3_gan\Yuyao_Ding\outputs\task3_formal_20260927T075834Z_d335ae80\evaluation_20260927T130841Z_a267de\evaluation.json
task3_formal_20260927T075834Z_d335ae80,A2B,n_generated,300,raw,course_kaggle,d22ff9d9de85ed8103f0cc7124a9007cd155ca4eaf21f993704cfcf02d2ddfbf,task3_gan\Yuyao_Ding\outputs\task3_formal_20260927T075834Z_d335ae80\evaluation_20260927T130841Z_a267de\evaluation.json
task3_formal_20260927T075834Z_d335ae80,A2B,KID,0.018389160999148845,raw,course_kaggle,d22ff9d9de85ed8103f0cc7124a9007cd155ca4eaf21f993704cfcf02d2ddfbf,task3_gan\Yuyao_Ding\outputs\task3_formal_20260927T075834Z_d335ae80\evaluation_20260927T130841Z_a267de\evaluation.json
task3_formal_20260927T075834Z_d335ae80,A2B,KID_subset_std,0.002250923149960348,raw,course_kaggle,d22ff9d9de85ed8103f0cc7124a9007cd155ca4eaf21f993704cfcf02d2ddfbf,task3_gan\Yuyao_Ding\outputs\task3_formal_20260927T075834Z_d335ae80\evaluation_20260927T130841Z_a267de\evaluation.json
task3_formal_20260927T075834Z_d335ae80,A2B,KID_subset_size,100,raw,course_kaggle,d22ff9d9de85ed8103f0cc7124a9007cd155ca4eaf21f993704cfcf02d2ddfbf,task3_gan\Yuyao_Ding\outputs\task3_formal_20260927T075834Z_d335ae80\evaluation_20260927T130841Z_a267de\evaluation.json
task3_formal_20260927T075834Z_d335ae80,A2B,content_preservation_cosine,0.8310267925262451,raw,course_kaggle,d22ff9d9de85ed8103f0cc7124a9007cd155ca4eaf21f993704cfcf02d2ddfbf,task3_gan\Yuyao_Ding\outputs\task3_formal_20260927T075834Z_d335ae80\evaluation_20260927T130841Z_a267de\evaluation.json
task3_formal_20260927T075834Z_d335ae80,A2B,inference_images_per_second_including_io,88.83465894646277,raw,course_kaggle,d22ff9d9de85ed8103f0cc7124a9007cd155ca4eaf21f993704cfcf02d2ddfbf,task3_gan\Yuyao_Ding\outputs\task3_formal_20260927T075834Z_d335ae80\evaluation_20260927T130841Z_a267de\evaluation.json
task3_formal_20260927T075834Z_d335ae80,B2A,FID,107.0099665032364,raw,course_kaggle,d22ff9d9de85ed8103f0cc7124a9007cd155ca4eaf21f993704cfcf02d2ddfbf,task3_gan\Yuyao_Ding\outputs\task3_formal_20260927T075834Z_d335ae80\evaluation_20260927T130841Z_a267de\evaluation.json
task3_formal_20260927T075834Z_d335ae80,B2A,MiFID,0.4135585427284241,raw,course_kaggle,d22ff9d9de85ed8103f0cc7124a9007cd155ca4eaf21f993704cfcf02d2ddfbf,task3_gan\Yuyao_Ding\outputs\task3_formal_20260927T075834Z_d335ae80\evaluation_20260927T130841Z_a267de\evaluation.json
task3_formal_20260927T075834Z_d335ae80,B2A,generative_precision,0.46,raw,course_kaggle,d22ff9d9de85ed8103f0cc7124a9007cd155ca4eaf21f993704cfcf02d2ddfbf,task3_gan\Yuyao_Ding\outputs\task3_formal_20260927T075834Z_d335ae80\evaluation_20260927T130841Z_a267de\evaluation.json
task3_formal_20260927T075834Z_d335ae80,B2A,generative_recall,0.7,raw,course_kaggle,d22ff9d9de85ed8103f0cc7124a9007cd155ca4eaf21f993704cfcf02d2ddfbf,task3_gan\Yuyao_Ding\outputs\task3_formal_20260927T075834Z_d335ae80\evaluation_20260927T130841Z_a267de\evaluation.json
task3_formal_20260927T075834Z_d335ae80,B2A,density,0.35,raw,course_kaggle,d22ff9d9de85ed8103f0cc7124a9007cd155ca4eaf21f993704cfcf02d2ddfbf,task3_gan\Yuyao_Ding\outputs\task3_formal_20260927T075834Z_d335ae80\evaluation_20260927T130841Z_a267de\evaluation.json
task3_formal_20260927T075834Z_d335ae80,B2A,coverage,0.6266666666666667,raw,course_kaggle,d22ff9d9de85ed8103f0cc7124a9007cd155ca4eaf21f993704cfcf02d2ddfbf,task3_gan\Yuyao_Ding\outputs\task3_formal_20260927T075834Z_d335ae80\evaluation_20260927T130841Z_a267de\evaluation.json
task3_formal_20260927T075834Z_d335ae80,B2A,n_real,300,raw,course_kaggle,d22ff9d9de85ed8103f0cc7124a9007cd155ca4eaf21f993704cfcf02d2ddfbf,task3_gan\Yuyao_Ding\outputs\task3_formal_20260927T075834Z_d335ae80\evaluation_20260927T130841Z_a267de\evaluation.json
task3_formal_20260927T075834Z_d335ae80,B2A,n_generated,300,raw,course_kaggle,d22ff9d9de85ed8103f0cc7124a9007cd155ca4eaf21f993704cfcf02d2ddfbf,task3_gan\Yuyao_Ding\outputs\task3_formal_20260927T075834Z_d335ae80\evaluation_20260927T130841Z_a267de\evaluation.json
task3_formal_20260927T075834Z_d335ae80,B2A,KID,0.012290363743706125,raw,course_kaggle,d22ff9d9de85ed8103f0cc7124a9007cd155ca4eaf21f993704cfcf02d2ddfbf,task3_gan\Yuyao_Ding\outputs\task3_formal_20260927T075834Z_d335ae80\evaluation_20260927T130841Z_a267de\evaluation.json
task3_formal_20260927T075834Z_d335ae80,B2A,KID_subset_std,0.0021379221308775133,raw,course_kaggle,d22ff9d9de85ed8103f0cc7124a9007cd155ca4eaf21f993704cfcf02d2ddfbf,task3_gan\Yuyao_Ding\outputs\task3_formal_20260927T075834Z_d335ae80\evaluation_20260927T130841Z_a267de\evaluation.json
task3_formal_20260927T075834Z_d335ae80,B2A,KID_subset_size,100,raw,course_kaggle,d22ff9d9de85ed8103f0cc7124a9007cd155ca4eaf21f993704cfcf02d2ddfbf,task3_gan\Yuyao_Ding\outputs\task3_formal_20260927T075834Z_d335ae80\evaluation_20260927T130841Z_a267de\evaluation.json
task3_formal_20260927T075834Z_d335ae80,B2A,content_preservation_cosine,0.7738438248634338,raw,course_kaggle,d22ff9d9de85ed8103f0cc7124a9007cd155ca4eaf21f993704cfcf02d2ddfbf,task3_gan\Yuyao_Ding\outputs\task3_formal_20260927T075834Z_d335ae80\evaluation_20260927T130841Z_a267de\evaluation.json
task3_formal_20260927T075834Z_d335ae80,B2A,inference_images_per_second_including_io,84.34805685817213,raw,course_kaggle,d22ff9d9de85ed8103f0cc7124a9007cd155ca4eaf21f993704cfcf02d2ddfbf,task3_gan\Yuyao_Ding\outputs\task3_formal_20260927T075834Z_d335ae80\evaluation_20260927T130841Z_a267de\evaluation.json
task3_formal_20260927T075834Z_d335ae80,training,training_seconds,18321.284072799725,raw,train,d22ff9d9de85ed8103f0cc7124a9007cd155ca4eaf21f993704cfcf02d2ddfbf,task3_gan\Yuyao_Ding\outputs\task3_formal_20260927T075834Z_d335ae80\evaluation_20260927T130841Z_a267de\evaluation.json
task3_formal_20260927T075834Z_d335ae80,training,training_images,200000,raw,train,d22ff9d9de85ed8103f0cc7124a9007cd155ca4eaf21f993704cfcf02d2ddfbf,task3_gan\Yuyao_Ding\outputs\task3_formal_20260927T075834Z_d335ae80\evaluation_20260927T130841Z_a267de\evaluation.json
task3_formal_20260927T075834Z_d335ae80,training,optimizer_steps,100000,raw,train,d22ff9d9de85ed8103f0cc7124a9007cd155ca4eaf21f993704cfcf02d2ddfbf,task3_gan\Yuyao_Ding\outputs\task3_formal_20260927T075834Z_d335ae80\evaluation_20260927T130841Z_a267de\evaluation.json
task3_formal_20260927T075834Z_d335ae80,training,run_wall_seconds,18602.589183400036,raw,train,d22ff9d9de85ed8103f0cc7124a9007cd155ca4eaf21f993704cfcf02d2ddfbf,task3_gan\Yuyao_Ding\outputs\task3_formal_20260927T075834Z_d335ae80\evaluation_20260927T130841Z_a267de\evaluation.json
task3_formal_20260927T075834Z_d335ae80,training,peak_cuda_allocated_mb,2596.35595703125,raw,train,d22ff9d9de85ed8103f0cc7124a9007cd155ca4eaf21f993704cfcf02d2ddfbf,task3_gan\Yuyao_Ding\outputs\task3_formal_20260927T075834Z_d335ae80\evaluation_20260927T130841Z_a267de\evaluation.json
task3_formal_20260927T075834Z_d335ae80,training,peak_sampled_process_rss_mb,3673.08984375,raw,train,d22ff9d9de85ed8103f0cc7124a9007cd155ca4eaf21f993704cfcf02d2ddfbf,task3_gan\Yuyao_Ding\outputs\task3_formal_20260927T075834Z_d335ae80\evaluation_20260927T130841Z_a267de\evaluation.json
task3_formal_20260927T075834Z_d335ae80,training,nan_or_inf_events,0,raw,train,d22ff9d9de85ed8103f0cc7124a9007cd155ca4eaf21f993704cfcf02d2ddfbf,task3_gan\Yuyao_Ding\outputs\task3_formal_20260927T075834Z_d335ae80\evaluation_20260927T130841Z_a267de\evaluation.json
task3_formal_20260927T075834Z_d335ae80,training,parameters_G_A2B,11378179,raw,train,d22ff9d9de85ed8103f0cc7124a9007cd155ca4eaf21f993704cfcf02d2ddfbf,task3_gan\Yuyao_Ding\outputs\task3_formal_20260927T075834Z_d335ae80\evaluation_20260927T130841Z_a267de\evaluation.json
task3_formal_20260927T075834Z_d335ae80,training,parameters_G_B2A,11378179,raw,train,d22ff9d9de85ed8103f0cc7124a9007cd155ca4eaf21f993704cfcf02d2ddfbf,task3_gan\Yuyao_Ding\outputs\task3_formal_20260927T075834Z_d335ae80\evaluation_20260927T130841Z_a267de\evaluation.json
task3_formal_20260927T075834Z_d335ae80,training,parameters_D_A,2764737,raw,train,d22ff9d9de85ed8103f0cc7124a9007cd155ca4eaf21f993704cfcf02d2ddfbf,task3_gan\Yuyao_Ding\outputs\task3_formal_20260927T075834Z_d335ae80\evaluation_20260927T130841Z_a267de\evaluation.json
task3_formal_20260927T075834Z_d335ae80,training,parameters_D_B,2764737,raw,train,d22ff9d9de85ed8103f0cc7124a9007cd155ca4eaf21f993704cfcf02d2ddfbf,task3_gan\Yuyao_Ding\outputs\task3_formal_20260927T075834Z_d335ae80\evaluation_20260927T130841Z_a267de\evaluation.json
task3_formal_20260927T075834Z_d335ae80,training,parameters_total,28285832,raw,train,d22ff9d9de85ed8103f0cc7124a9007cd155ca4eaf21f993704cfcf02d2ddfbf,task3_gan\Yuyao_Ding\outputs\task3_formal_20260927T075834Z_d335ae80\evaluation_20260927T130841Z_a267de\evaluation.json
task3_formal_20260927T075834Z_d335ae80,training,training_images_per_second,10.916265432340817,raw,train,d22ff9d9de85ed8103f0cc7124a9007cd155ca4eaf21f993704cfcf02d2ddfbf,task3_gan\Yuyao_Ding\outputs\task3_formal_20260927T075834Z_d335ae80\evaluation_20260927T130841Z_a267de\evaluation.json
task3_formal_20260927T075834Z_d335ae80,epoch_001,G_A2B_adversarial,0.4213711274117231,loss,train,,task3_gan\Yuyao_Ding\outputs\task3_formal_20260927T075834Z_d335ae80\evaluation_20260927T130841Z_a267de\evaluation.json
task3_formal_20260927T075834Z_d335ae80,epoch_001,G_B2A_adversarial,0.4477762200906873,loss,train,,task3_gan\Yuyao_Ding\outputs\task3_formal_20260927T075834Z_d335ae80\evaluation_20260927T130841Z_a267de\evaluation.json
task3_formal_20260927T075834Z_d335ae80,epoch_001,D_A,0.3171885166913271,loss,train,,task3_gan\Yuyao_Ding\outputs\task3_formal_20260927T075834Z_d335ae80\evaluation_20260927T130841Z_a267de\evaluation.json
task3_formal_20260927T075834Z_d335ae80,epoch_001,D_B,0.33009183506667616,loss,train,,task3_gan\Yuyao_Ding\outputs\task3_formal_20260927T075834Z_d335ae80\evaluation_20260927T130841Z_a267de\evaluation.json
task3_formal_20260927T075834Z_d335ae80,epoch_001,G_total,9.13139722108841,loss,train,,task3_gan\Yuyao_Ding\outputs\task3_formal_20260927T075834Z_d335ae80\evaluation_20260927T130841Z_a267de\evaluation.json
task3_formal_20260927T075834Z_d335ae80,epoch_001,cycle_A,0.27353741343319415,loss,train,,task3_gan\Yuyao_Ding\outputs\task3_formal_20260927T075834Z_d335ae80\evaluation_20260927T130841Z_a267de\evaluation.json
task3_formal_20260927T075834Z_d335ae80,epoch_001,cycle_B,0.2895524958372116,loss,train,,task3_gan\Yuyao_Ding\outputs\task3_formal_20260927T075834Z_d335ae80\evaluation_20260927T130841Z_a267de\evaluation.json
task3_formal_20260927T075834Z_d335ae80,epoch_001,identity_A,0.25761489202082155,loss,train,,task3_gan\Yuyao_Ding\outputs\task3_formal_20260927T075834Z_d335ae80\evaluation_20260927T130841Z_a267de\evaluation.json
task3_formal_20260927T075834Z_d335ae80,epoch_001,identity_B,0.2686552596464753,loss,train,,task3_gan\Yuyao_Ding\outputs\task3_formal_20260927T075834Z_d335ae80\evaluation_20260927T130841Z_a267de\evaluation.json
task3_formal_20260927T075834Z_d335ae80,epoch_001,gradient_norm_G_A2B,33.817430156707765,l2_norm,train,,task3_gan\Yuyao_Ding\outputs\task3_formal_20260927T075834Z_d335ae80\evaluation_20260927T130841Z_a267de\evaluation.json
task3_formal_20260927T075834Z_d335ae80,epoch_001,gradient_norm_G_B2A,33.592888996124266,l2_norm,train,,task3_gan\Yuyao_Ding\outputs\task3_formal_20260927T075834Z_d335ae80\evaluation_20260927T130841Z_a267de\evaluation.json
task3_formal_20260927T075834Z_d335ae80,epoch_001,gradient_norm_D_A,16.81346951818466,l2_norm,train,,task3_gan\Yuyao_Ding\outputs\task3_formal_20260927T075834Z_d335ae80\evaluation_20260927T130841Z_a267de\evaluation.json
task3_formal_20260927T075834Z_d335ae80,epoch_001,gradient_norm_D_B,15.442329807281494,l2_norm,train,,task3_gan\Yuyao_Ding\outputs\task3_formal_20260927T075834Z_d335ae80\evaluation_20260927T130841Z_a267de\evaluation.json
task3_formal_20260927T075834Z_d335ae80,epoch_002,G_A2B_adversarial,0.4189512960240245,loss,train,,task3_gan\Yuyao_Ding\outputs\task3_formal_20260927T075834Z_d335ae80\evaluation_20260927T130841Z_a267de\evaluation.json
task3_formal_20260927T075834Z_d335ae80,epoch_002,G_B2A_adversarial,0.4583375534825027,loss,train,,task3_gan\Yuyao_Ding\outputs\task3_formal_20260927T075834Z_d335ae80\evaluation_20260927T130841Z_a267de\evaluation.json
task3_formal_20260927T075834Z_d335ae80,epoch_002,D_A,0.2236948498748243,loss,train,,task3_gan\Yuyao_Ding\outputs\task3_formal_20260927T075834Z_d335ae80\evaluation_20260927T130841Z_a267de\evaluation.json
task3_formal_20260927T075834Z_d335ae80,epoch_002,D_B,0.23959180324152113,loss,train,,task3_gan\Yuyao_Ding\outputs\task3_formal_20260927T075834Z_d335ae80\evaluation_20260927T130841Z_a267de\evaluation.json
task3_formal_20260927T075834Z_d335ae80,epoch_002,G_total,8.002141289234162,loss,train,,task3_gan\Yuyao_Ding\outputs\task3_formal_20260927T075834Z_d335ae80\evaluation_20260927T130841Z_a267de\evaluation.json
task3_formal_20260927T075834Z_d335ae80,epoch_002,cycle_A,0.23547358960658313,loss,train,,task3_gan\Yuyao_Ding\outputs\task3_formal_20260927T075834Z_d335ae80\evaluation_20260927T130841Z_a267de\evaluation.json
task3_formal_20260927T075834Z_d335ae80,epoch_002,cycle_B,0.25427784530818465,loss,train,,task3_gan\Yuyao_Ding\outputs\task3_formal_20260927T075834Z_d335ae80\evaluation_20260927T130841Z_a267de\evaluation.json
task3_formal_20260927T075834Z_d335ae80,epoch_002,identity_A,0.21837827018648387,loss,train,,task3_gan\Yuyao_Ding\outputs\task3_formal_20260927T075834Z_d335ae80\evaluation_20260927T130841Z_a267de\evaluation.json
task3_formal_20260927T075834Z_d335ae80,epoch_002,identity_B,0.22708934570848943,loss,train,,task3_gan\Yuyao_Ding\outputs\task3_formal_20260927T075834Z_d335ae80\evaluation_20260927T130841Z_a267de\evaluation.json
task3_formal_20260927T075834Z_d335ae80,epoch_002,gradient_norm_G_A2B,27.742094728469848,l2_norm,train,,task3_gan\Yuyao_Ding\outputs\task3_formal_20260927T075834Z_d335ae80\evaluation_20260927T130841Z_a267de\evaluation.json
task3_formal_20260927T075834Z_d335ae80,epoch_002,gradient_norm_G_B2A,29.9044411072731,l2_norm,train,,task3_gan\Yuyao_Ding\outputs\task3_formal_20260927T075834Z_d335ae80\evaluation_20260927T130841Z_a267de\evaluation.json
task3_formal_20260927T075834Z_d335ae80,epoch_002,gradient_norm_D_A,17.155387786388395,l2_norm,train,,task3_gan\Yuyao_Ding\outputs\task3_formal_20260927T075834Z_d335ae80\evaluation_20260927T130841Z_a267de\evaluation.json
task3_formal_20260927T075834Z_d335ae80,epoch_002,gradient_norm_D_B,14.845315653562546,l2_norm,train,,task3_gan\Yuyao_Ding\outputs\task3_formal_20260927T075834Z_d335ae80\evaluation_20260927T130841Z_a267de\evaluation.json
task3_formal_20260927T075834Z_d335ae80,epoch_003,G_A2B_adversarial,0.4471721270848066,loss,train,,task3_gan\Yuyao_Ding\outputs\task3_formal_20260927T075834Z_d335ae80\evaluation_20260927T130841Z_a267de\evaluation.json
task3_formal_20260927T075834Z_d335ae80,epoch_003,G_B2A_adversarial,0.4259581124968827,loss,train,,task3_gan\Yuyao_Ding\outputs\task3_formal_20260927T075834Z_d335ae80\evaluation_20260927T130841Z_a267de\evaluation.json
task3_formal_20260927T075834Z_d335ae80,epoch_003,D_A,0.21588831012696028,loss,train,,task3_gan\Yuyao_Ding\outputs\task3_formal_20260927T075834Z_d335ae80\evaluation_20260927T130841Z_a267de\evaluation.json
task3_formal_20260927T075834Z_d335ae80,epoch_003,D_B,0.22832502455636858,loss,train,,task3_gan\Yuyao_Ding\outputs\task3_formal_20260927T075834Z_d335ae80\evaluation_20260927T130841Z_a267de\evaluation.json
task3_formal_20260927T075834Z_d335ae80,epoch_003,G_total,7.379778495788575,loss,train,,task3_gan\Yuyao_Ding\outputs\task3_formal_20260927T075834Z_d335ae80\evaluation_20260927T130841Z_a267de\evaluation.json
task3_formal_20260927T075834Z_d335ae80,epoch_003,cycle_A,0.21769520450383426,loss,train,,task3_gan\Yuyao_Ding\outputs\task3_formal_20260927T075834Z_d335ae80\evaluation_20260927T130841Z_a267de\evaluation.json
task3_formal_20260927T075834Z_d335ae80,epoch_003,cycle_B,0.2290278661251068,loss,train,,task3_gan\Yuyao_Ding\outputs\task3_formal_20260927T075834Z_d335ae80\evaluation_20260927T130841Z_a267de\evaluation.json
task3_formal_20260927T075834Z_d335ae80,epoch_003,identity_A,0.2030998555868864,loss,train,,task3_gan\Yuyao_Ding\outputs\task3_formal_20260927T075834Z_d335ae80\evaluation_20260927T130841Z_a267de\evaluation.json
task3_formal_20260927T075834Z_d335ae80,epoch_003,identity_B,0.20478364903479815,loss,train,,task3_gan\Yuyao_Ding\outputs\task3_formal_20260927T075834Z_d335ae80\evaluation_20260927T130841Z_a267de\evaluation.json
task3_formal_20260927T075834Z_d335ae80,epoch_003,gradient_norm_G_A2B,25.51874585723877,l2_norm,train,,task3_gan\Yuyao_Ding\outputs\task3_formal_20260927T075834Z_d335ae80\evaluation_20260927T130841Z_a267de\evaluation.json
task3_formal_20260927T075834Z_d335ae80,epoch_003,gradient_norm_G_B2A,27.73433595275879,l2_norm,train,,task3_gan\Yuyao_Ding\outputs\task3_formal_20260927T075834Z_d335ae80\evaluation_20260927T130841Z_a267de\evaluation.json
task3_formal_20260927T075834Z_d335ae80,epoch_003,gradient_norm_D_A,15.790627282142639,l2_norm,train,,task3_gan\Yuyao_Ding\outputs\task3_formal_20260927T075834Z_d335ae80\evaluation_20260927T130841Z_a267de\evaluation.json
task3_formal_20260927T075834Z_d335ae80,epoch_003,gradient_norm_D_B,15.112221042633056,l2_norm,train,,task3_gan\Yuyao_Ding\outputs\task3_formal_20260927T075834Z_d335ae80\evaluation_20260927T130841Z_a267de\evaluation.json
task3_formal_20260927T075834Z_d335ae80,epoch_004,G_A2B_adversarial,0.44076043412834404,loss,train,,task3_gan\Yuyao_Ding\outputs\task3_formal_20260927T075834Z_d335ae80\evaluation_20260927T130841Z_a267de\evaluation.json
task3_formal_20260927T075834Z_d335ae80,epoch_004,G_B2A_adversarial,0.4170108356680721,loss,train,,task3_gan\Yuyao_Ding\outputs\task3_formal_20260927T075834Z_d335ae80\evaluation_20260927T130841Z_a267de\evaluation.json
task3_formal_20260927T075834Z_d335ae80,epoch_004,D_A,0.21840273731015622,loss,train,,task3_gan\Yuyao_Ding\outputs\task3_formal_20260927T075834Z_d335ae80\evaluation_20260927T130841Z_a267de\evaluation.json
task3_formal_20260927T075834Z_d335ae80,epoch_004,D_B,0.2194338011611253,loss,train,,task3_gan\Yuyao_Ding\outputs\task3_formal_20260927T075834Z_d335ae80\evaluation_20260927T130841Z_a267de\evaluation.json
task3_formal_20260927T075834Z_d335ae80,epoch_004,G_total,6.838652727365494,loss,train,,task3_gan\Yuyao_Ding\outputs\task3_formal_20260927T075834Z_d335ae80\evaluation_20260927T130841Z_a267de\evaluation.json
task3_formal_20260927T075834Z_d335ae80,epoch_004,cycle_A,0.1977573832720518,loss,train,,task3_gan\Yuyao_Ding\outputs\task3_formal_20260927T075834Z_d335ae80\evaluation_20260927T130841Z_a267de\evaluation.json
task3_formal_20260927T075834Z_d335ae80,epoch_004,cycle_B,0.21152682765573264,loss,train,,task3_gan\Yuyao_Ding\outputs\task3_formal_20260927T075834Z_d335ae80\evaluation_20260927T130841Z_a267de\evaluation.json
task3_formal_20260927T075834Z_d335ae80,epoch_004,identity_A,0.18753751101344823,loss,train,,task3_gan\Yuyao_Ding\outputs\task3_formal_20260927T075834Z_d335ae80\evaluation_20260927T130841Z_a267de\evaluation.json
task3_formal_20260927T075834Z_d335ae80,epoch_004,identity_B,0.19007035632431507,loss,train,,task3_gan\Yuyao_Ding\outputs\task3_formal_20260927T075834Z_d335ae80\evaluation_20260927T130841Z_a267de\evaluation.json
task3_formal_20260927T075834Z_d335ae80,epoch_004,gradient_norm_G_A2B,24.016385637760163,l2_norm,train,,task3_gan\Yuyao_Ding\outputs\task3_formal_20260927T075834Z_d335ae80\evaluation_20260927T130841Z_a267de\evaluation.json
task3_formal_20260927T075834Z_d335ae80,epoch_004,gradient_norm_G_B2A,24.804228754043578,l2_norm,train,,task3_gan\Yuyao_Ding\outputs\task3_formal_20260927T075834Z_d335ae80\evaluation_20260927T130841Z_a267de\evaluation.json
task3_formal_20260927T075834Z_d335ae80,epoch_004,gradient_norm_D_A,14.491281462669372,l2_norm,train,,task3_gan\Yuyao_Ding\outputs\task3_formal_20260927T075834Z_d335ae80\evaluation_20260927T130841Z_a267de\evaluation.json
task3_formal_20260927T075834Z_d335ae80,epoch_004,gradient_norm_D_B,14.781035580396653,l2_norm,train,,task3_gan\Yuyao_Ding\outputs\task3_formal_20260927T075834Z_d335ae80\evaluation_20260927T130841Z_a267de\evaluation.json
task3_formal_20260927T075834Z_d335ae80,epoch_005,G_A2B_adversarial,0.4319512527566403,loss,train,,task3_gan\Yuyao_Ding\outputs\task3_formal_20260927T075834Z_d335ae80\evaluation_20260927T130841Z_a267de\evaluation.json
task3_formal_20260927T075834Z_d335ae80,epoch_005,G_B2A_adversarial,0.42291956358961763,loss,train,,task3_gan\Yuyao_Ding\outputs\task3_formal_20260927T075834Z_d335ae80\evaluation_20260927T130841Z_a267de\evaluation.json
task3_formal_20260927T075834Z_d335ae80,epoch_005,D_A,0.21881918178498744,loss,train,,task3_gan\Yuyao_Ding\outputs\task3_formal_20260927T075834Z_d335ae80\evaluation_20260927T130841Z_a267de\evaluation.json
task3_formal_20260927T075834Z_d335ae80,epoch_005,D_B,0.21701633216068147,loss,train,,task3_gan\Yuyao_Ding\outputs\task3_formal_20260927T075834Z_d335ae80\evaluation_20260927T130841Z_a267de\evaluation.json
task3_formal_20260927T075834Z_d335ae80,epoch_005,G_total,6.703393228769302,loss,train,,task3_gan\Yuyao_Ding\outputs\task3_formal_20260927T075834Z_d335ae80\evaluation_20260927T130841Z_a267de\evaluation.json
task3_formal_20260927T075834Z_d335ae80,epoch_005,cycle_A,0.1927849639132619,loss,train,,task3_gan\Yuyao_Ding\outputs\task3_formal_20260927T075834Z_d335ae80\evaluation_20260927T130841Z_a267de\evaluation.json
task3_formal_20260927T075834Z_d335ae80,epoch_005,cycle_B,0.20828646704554557,loss,train,,task3_gan\Yuyao_Ding\outputs\task3_formal_20260927T075834Z_d335ae80\evaluation_20260927T130841Z_a267de\evaluation.json
task3_formal_20260927T075834Z_d335ae80,epoch_005,identity_A,0.18227179908752442,loss,train,,task3_gan\Yuyao_Ding\outputs\task3_formal_20260927T075834Z_d335ae80\evaluation_20260927T130841Z_a267de\evaluation.json
task3_formal_20260927T075834Z_d335ae80,epoch_005,identity_B,0.18528981935232877,loss,train,,task3_gan\Yuyao_Ding\outputs\task3_formal_20260927T075834Z_d335ae80\evaluation_20260927T130841Z_a267de\evaluation.json
task3_formal_20260927T075834Z_d335ae80,epoch_005,gradient_norm_G_A2B,23.026055936813353,l2_norm,train,,task3_gan\Yuyao_Ding\outputs\task3_formal_20260927T075834Z_d335ae80\evaluation_20260927T130841Z_a267de\evaluation.json
task3_formal_20260927T075834Z_d335ae80,epoch_005,gradient_norm_G_B2A,24.498285398483276,l2_norm,train,,task3_gan\Yuyao_Ding\outputs\task3_formal_20260927T075834Z_d335ae80\evaluation_20260927T130841Z_a267de\evaluation.json
task3_formal_20260927T075834Z_d335ae80,epoch_005,gradient_norm_D_A,14.001507472038268,l2_norm,train,,task3_gan\Yuyao_Ding\outputs\task3_formal_20260927T075834Z_d335ae80\evaluation_20260927T130841Z_a267de\evaluation.json
task3_formal_20260927T075834Z_d335ae80,epoch_005,gradient_norm_D_B,14.029805931448937,l2_norm,train,,task3_gan\Yuyao_Ding\outputs\task3_formal_20260927T075834Z_d335ae80\evaluation_20260927T130841Z_a267de\evaluation.json
task3_formal_20260927T075834Z_d335ae80,epoch_006,G_A2B_adversarial,0.4405602906253189,loss,train,,task3_gan\Yuyao_Ding\outputs\task3_formal_20260927T075834Z_d335ae80\evaluation_20260927T130841Z_a267de\evaluation.json
task3_formal_20260927T075834Z_d335ae80,epoch_006,G_B2A_adversarial,0.4396004293011501,loss,train,,task3_gan\Yuyao_Ding\outputs\task3_formal_20260927T075834Z_d335ae80\evaluation_20260927T130841Z_a267de\evaluation.json
task3_formal_20260927T075834Z_d335ae80,epoch_006,D_A,0.21822528037615121,loss,train,,task3_gan\Yuyao_Ding\outputs\task3_formal_20260927T075834Z_d335ae80\evaluation_20260927T130841Z_a267de\evaluation.json
task3_formal_20260927T075834Z_d335ae80,epoch_006,D_B,0.21414708775281907,loss,train,,task3_gan\Yuyao_Ding\outputs\task3_formal_20260927T075834Z_d335ae80\evaluation_20260927T130841Z_a267de\evaluation.json
task3_formal_20260927T075834Z_d335ae80,epoch_006,G_total,6.440438319206238,loss,train,,task3_gan\Yuyao_Ding\outputs\task3_formal_20260927T075834Z_d335ae80\evaluation_20260927T130841Z_a267de\evaluation.json
task3_formal_20260927T075834Z_d335ae80,epoch_006,cycle_A,0.1820814253613353,loss,train,,task3_gan\Yuyao_Ding\outputs\task3_formal_20260927T075834Z_d335ae80\evaluation_20260927T130841Z_a267de\evaluation.json
task3_formal_20260927T075834Z_d335ae80,epoch_006,cycle_B,0.19893792274594307,loss,train,,task3_gan\Yuyao_Ding\outputs\task3_formal_20260927T075834Z_d335ae80\evaluation_20260927T130841Z_a267de\evaluation.json
task3_formal_20260927T075834Z_d335ae80,epoch_006,identity_A,0.17352260252833365,loss,train,,task3_gan\Yuyao_Ding\outputs\task3_formal_20260927T075834Z_d335ae80\evaluation_20260927T130841Z_a267de\evaluation.json
task3_formal_20260927T075834Z_d335ae80,epoch_006,identity_B,0.17649421973526477,loss,train,,task3_gan\Yuyao_Ding\outputs\task3_formal_20260927T075834Z_d335ae80\evaluation_20260927T130841Z_a267de\evaluation.json
task3_formal_20260927T075834Z_d335ae80,epoch_006,gradient_norm_G_A2B,22.620870761871338,l2_norm,train,,task3_gan\Yuyao_Ding\outputs\task3_formal_20260927T075834Z_d335ae80\evaluation_20260927T130841Z_a267de\evaluation.json
task3_formal_20260927T075834Z_d335ae80,epoch_006,gradient_norm_G_B2A,23.70067557430267,l2_norm,train,,task3_gan\Yuyao_Ding\outputs\task3_formal_20260927T075834Z_d335ae80\evaluation_20260927T130841Z_a267de\evaluation.json
task3_formal_20260927T075834Z_d335ae80,epoch_006,gradient_norm_D_A,13.462914636135102,l2_norm,train,,task3_gan\Yuyao_Ding\outputs\task3_formal_20260927T075834Z_d335ae80\evaluation_20260927T130841Z_a267de\evaluation.json
task3_formal_20260927T075834Z_d335ae80,epoch_006,gradient_norm_D_B,13.602687433958053,l2_norm,train,,task3_gan\Yuyao_Ding\outputs\task3_formal_20260927T075834Z_d335ae80\evaluation_20260927T130841Z_a267de\evaluation.json
task3_formal_20260927T075834Z_d335ae80,epoch_007,G_A2B_adversarial,0.4272948459908366,loss,train,,task3_gan\Yuyao_Ding\outputs\task3_formal_20260927T075834Z_d335ae80\evaluation_20260927T130841Z_a267de\evaluation.json
task3_formal_20260927T075834Z_d335ae80,epoch_007,G_B2A_adversarial,0.42199511324614286,loss,train,,task3_gan\Yuyao_Ding\outputs\task3_formal_20260927T075834Z_d335ae80\evaluation_20260927T130841Z_a267de\evaluation.json
task3_formal_20260927T075834Z_d335ae80,epoch_007,D_A,0.21700431661680342,loss,train,,task3_gan\Yuyao_Ding\outputs\task3_formal_20260927T075834Z_d335ae80\evaluation_20260927T130841Z_a267de\evaluation.json
task3_formal_20260927T075834Z_d335ae80,epoch_007,D_B,0.2142906081620604,loss,train,,task3_gan\Yuyao_Ding\outputs\task3_formal_20260927T075834Z_d335ae80\evaluation_20260927T130841Z_a267de\evaluation.json
task3_formal_20260927T075834Z_d335ae80,epoch_007,G_total,6.2156244852542875,loss,train,,task3_gan\Yuyao_Ding\outputs\task3_formal_20260927T075834Z_d335ae80\evaluation_20260927T130841Z_a267de\evaluation.json
task3_formal_20260927T075834Z_d335ae80,epoch_007,cycle_A,0.17749943955242634,loss,train,,task3_gan\Yuyao_Ding\outputs\task3_formal_20260927T075834Z_d335ae80\evaluation_20260927T130841Z_a267de\evaluation.json
task3_formal_20260927T075834Z_d335ae80,epoch_007,cycle_B,0.19111772807687522,loss,train,,task3_gan\Yuyao_Ding\outputs\task3_formal_20260927T075834Z_d335ae80\evaluation_20260927T130841Z_a267de\evaluation.json
task3_formal_20260927T075834Z_d335ae80,epoch_007,identity_A,0.1692380544692278,loss,train,,task3_gan\Yuyao_Ding\outputs\task3_formal_20260927T075834Z_d335ae80\evaluation_20260927T130841Z_a267de\evaluation.json
task3_formal_20260927T075834Z_d335ae80,epoch_007,identity_B,0.1667945143058896,loss,train,,task3_gan\Yuyao_Ding\outputs\task3_formal_20260927T075834Z_d335ae80\evaluation_20260927T130841Z_a267de\evaluation.json
task3_formal_20260927T075834Z_d335ae80,epoch_007,gradient_norm_G_A2B,22.030210646629335,l2_norm,train,,task3_gan\Yuyao_Ding\outputs\task3_formal_20260927T075834Z_d335ae80\evaluation_20260927T130841Z_a267de\evaluation.json
task3_formal_20260927T075834Z_d335ae80,epoch_007,gradient_norm_G_B2A,23.273450870990754,l2_norm,train,,task3_gan\Yuyao_Ding\outputs\task3_formal_20260927T075834Z_d335ae80\evaluation_20260927T130841Z_a267de\evaluation.json
task3_formal_20260927T075834Z_d335ae80,epoch_007,gradient_norm_D_A,12.910322251319885,l2_norm,train,,task3_gan\Yuyao_Ding\outputs\task3_formal_20260927T075834Z_d335ae80\evaluation_20260927T130841Z_a267de\evaluation.json
task3_formal_20260927T075834Z_d335ae80,epoch_007,gradient_norm_D_B,13.284131944656371,l2_norm,train,,task3_gan\Yuyao_Ding\outputs\task3_formal_20260927T075834Z_d335ae80\evaluation_20260927T130841Z_a267de\evaluation.json
task3_formal_20260927T075834Z_d335ae80,epoch_008,G_A2B_adversarial,0.4409174733357504,loss,train,,task3_gan\Yuyao_Ding\outputs\task3_formal_20260927T075834Z_d335ae80\evaluation_20260927T130841Z_a267de\evaluation.json
task3_formal_20260927T075834Z_d335ae80,epoch_008,G_B2A_adversarial,0.4511239901473746,loss,train,,task3_gan\Yuyao_Ding\outputs\task3_formal_20260927T075834Z_d335ae80\evaluation_20260927T130841Z_a267de\evaluation.json
task3_formal_20260927T075834Z_d335ae80,epoch_008,D_A,0.20866249150410293,loss,train,,task3_gan\Yuyao_Ding\outputs\task3_formal_20260927T075834Z_d335ae80\evaluation_20260927T130841Z_a267de\evaluation.json
task3_formal_20260927T075834Z_d335ae80,epoch_008,D_B,0.21090245293918997,loss,train,,task3_gan\Yuyao_Ding\outputs\task3_formal_20260927T075834Z_d335ae80\evaluation_20260927T130841Z_a267de\evaluation.json
task3_formal_20260927T075834Z_d335ae80,epoch_008,G_total,6.2326977059841155,loss,train,,task3_gan\Yuyao_Ding\outputs\task3_formal_20260927T075834Z_d335ae80\evaluation_20260927T130841Z_a267de\evaluation.json
task3_formal_20260927T075834Z_d335ae80,epoch_008,cycle_A,0.17785619640350342,loss,train,,task3_gan\Yuyao_Ding\outputs\task3_formal_20260927T075834Z_d335ae80\evaluation_20260927T130841Z_a267de\evaluation.json
task3_formal_20260927T075834Z_d335ae80,epoch_008,cycle_B,0.18988865848630668,loss,train,,task3_gan\Yuyao_Ding\outputs\task3_formal_20260927T075834Z_d335ae80\evaluation_20260927T130841Z_a267de\evaluation.json
task3_formal_20260927T075834Z_d335ae80,epoch_008,identity_A,0.16771536254137753,loss,train,,task3_gan\Yuyao_Ding\outputs\task3_formal_20260927T075834Z_d335ae80\evaluation_20260927T130841Z_a267de\evaluation.json
task3_formal_20260927T075834Z_d335ae80,epoch_008,identity_B,0.16492617329210044,loss,train,,task3_gan\Yuyao_Ding\outputs\task3_formal_20260927T075834Z_d335ae80\evaluation_20260927T130841Z_a267de\evaluation.json
task3_formal_20260927T075834Z_d335ae80,epoch_008,gradient_norm_G_A2B,22.371631086826323,l2_norm,train,,task3_gan\Yuyao_Ding\outputs\task3_formal_20260927T075834Z_d335ae80\evaluation_20260927T130841Z_a267de\evaluation.json
task3_formal_20260927T075834Z_d335ae80,epoch_008,gradient_norm_G_B2A,23.825656443119048,l2_norm,train,,task3_gan\Yuyao_Ding\outputs\task3_formal_20260927T075834Z_d335ae80\evaluation_20260927T130841Z_a267de\evaluation.json
task3_formal_20260927T075834Z_d335ae80,epoch_008,gradient_norm_D_A,12.485496007561684,l2_norm,train,,task3_gan\Yuyao_Ding\outputs\task3_formal_20260927T075834Z_d335ae80\evaluation_20260927T130841Z_a267de\evaluation.json
task3_formal_20260927T075834Z_d335ae80,epoch_008,gradient_norm_D_B,12.792017065763474,l2_norm,train,,task3_gan\Yuyao_Ding\outputs\task3_formal_20260927T075834Z_d335ae80\evaluation_20260927T130841Z_a267de\evaluation.json
task3_formal_20260927T075834Z_d335ae80,epoch_009,G_A2B_adversarial,0.4529121900787577,loss,train,,task3_gan\Yuyao_Ding\outputs\task3_formal_20260927T075834Z_d335ae80\evaluation_20260927T130841Z_a267de\evaluation.json
task3_formal_20260927T075834Z_d335ae80,epoch_009,G_B2A_adversarial,0.44073908948805185,loss,train,,task3_gan\Yuyao_Ding\outputs\task3_formal_20260927T075834Z_d335ae80\evaluation_20260927T130841Z_a267de\evaluation.json
task3_formal_20260927T075834Z_d335ae80,epoch_009,D_A,0.20852509691379964,loss,train,,task3_gan\Yuyao_Ding\outputs\task3_formal_20260927T075834Z_d335ae80\evaluation_20260927T130841Z_a267de\evaluation.json
task3_formal_20260927T075834Z_d335ae80,epoch_009,D_B,0.20794951394572855,loss,train,,task3_gan\Yuyao_Ding\outputs\task3_formal_20260927T075834Z_d335ae80\evaluation_20260927T130841Z_a267de\evaluation.json
task3_formal_20260927T075834Z_d335ae80,epoch_009,G_total,5.964014567613602,loss,train,,task3_gan\Yuyao_Ding\outputs\task3_formal_20260927T075834Z_d335ae80\evaluation_20260927T130841Z_a267de\evaluation.json
task3_formal_20260927T075834Z_d335ae80,epoch_009,cycle_A,0.16851394075155257,loss,train,,task3_gan\Yuyao_Ding\outputs\task3_formal_20260927T075834Z_d335ae80\evaluation_20260927T130841Z_a267de\evaluation.json
task3_formal_20260927T075834Z_d335ae80,epoch_009,cycle_B,0.17988747741281985,loss,train,,task3_gan\Yuyao_Ding\outputs\task3_formal_20260927T075834Z_d335ae80\evaluation_20260927T130841Z_a267de\evaluation.json
task3_formal_20260927T075834Z_d335ae80,epoch_009,identity_A,0.15936063838005066,loss,train,,task3_gan\Yuyao_Ding\outputs\task3_formal_20260927T075834Z_d335ae80\evaluation_20260927T130841Z_a267de\evaluation.json
task3_formal_20260927T075834Z_d335ae80,epoch_009,identity_B,0.157909178763628,loss,train,,task3_gan\Yuyao_Ding\outputs\task3_formal_20260927T075834Z_d335ae80\evaluation_20260927T130841Z_a267de\evaluation.json
task3_formal_20260927T075834Z_d335ae80,epoch_009,gradient_norm_G_A2B,21.74292115688324,l2_norm,train,,task3_gan\Yuyao_Ding\outputs\task3_formal_20260927T075834Z_d335ae80\evaluation_20260927T130841Z_a267de\evaluation.json
task3_formal_20260927T075834Z_d335ae80,epoch_009,gradient_norm_G_B2A,22.362369027614594,l2_norm,train,,task3_gan\Yuyao_Ding\outputs\task3_formal_20260927T075834Z_d335ae80\evaluation_20260927T130841Z_a267de\evaluation.json
task3_formal_20260927T075834Z_d335ae80,epoch_009,gradient_norm_D_A,11.87411050248146,l2_norm,train,,task3_gan\Yuyao_Ding\outputs\task3_formal_20260927T075834Z_d335ae80\evaluation_20260927T130841Z_a267de\evaluation.json
task3_formal_20260927T075834Z_d335ae80,epoch_009,gradient_norm_D_B,12.674337968111038,l2_norm,train,,task3_gan\Yuyao_Ding\outputs\task3_formal_20260927T075834Z_d335ae80\evaluation_20260927T130841Z_a267de\evaluation.json
task3_formal_20260927T075834Z_d335ae80,epoch_010,G_A2B_adversarial,0.45202902059815825,loss,train,,task3_gan\Yuyao_Ding\outputs\task3_formal_20260927T075834Z_d335ae80\evaluation_20260927T130841Z_a267de\evaluation.json
task3_formal_20260927T075834Z_d335ae80,epoch_010,G_B2A_adversarial,0.4350248001608998,loss,train,,task3_gan\Yuyao_Ding\outputs\task3_formal_20260927T075834Z_d335ae80\evaluation_20260927T130841Z_a267de\evaluation.json
task3_formal_20260927T075834Z_d335ae80,epoch_010,D_A,0.20781115523632615,loss,train,,task3_gan\Yuyao_Ding\outputs\task3_formal_20260927T075834Z_d335ae80\evaluation_20260927T130841Z_a267de\evaluation.json
task3_formal_20260927T075834Z_d335ae80,epoch_010,D_B,0.20764451468735934,loss,train,,task3_gan\Yuyao_Ding\outputs\task3_formal_20260927T075834Z_d335ae80\evaluation_20260927T130841Z_a267de\evaluation.json
task3_formal_20260927T075834Z_d335ae80,epoch_010,G_total,5.8256979267597195,loss,train,,task3_gan\Yuyao_Ding\outputs\task3_formal_20260927T075834Z_d335ae80\evaluation_20260927T130841Z_a267de\evaluation.json
task3_formal_20260927T075834Z_d335ae80,epoch_010,cycle_A,0.16307464937865734,loss,train,,task3_gan\Yuyao_Ding\outputs\task3_formal_20260927T075834Z_d335ae80\evaluation_20260927T130841Z_a267de\evaluation.json
task3_formal_20260927T075834Z_d335ae80,epoch_010,cycle_B,0.17645291861891746,loss,train,,task3_gan\Yuyao_Ding\outputs\task3_formal_20260927T075834Z_d335ae80\evaluation_20260927T130841Z_a267de\evaluation.json
task3_formal_20260927T075834Z_d335ae80,epoch_010,identity_A,0.15378285248577594,loss,train,,task3_gan\Yuyao_Ding\outputs\task3_formal_20260927T075834Z_d335ae80\evaluation_20260927T130841Z_a267de\evaluation.json
task3_formal_20260927T075834Z_d335ae80,epoch_010,identity_B,0.15489083094149828,loss,train,,task3_gan\Yuyao_Ding\outputs\task3_formal_20260927T075834Z_d335ae80\evaluation_20260927T130841Z_a267de\evaluation.json
task3_formal_20260927T075834Z_d335ae80,epoch_010,gradient_norm_G_A2B,21.862150774002075,l2_norm,train,,task3_gan\Yuyao_Ding\outputs\task3_formal_20260927T075834Z_d335ae80\evaluation_20260927T130841Z_a267de\evaluation.json
task3_formal_20260927T075834Z_d335ae80,epoch_010,gradient_norm_G_B2A,22.2146222281456,l2_norm,train,,task3_gan\Yuyao_Ding\outputs\task3_formal_20260927T075834Z_d335ae80\evaluation_20260927T130841Z_a267de\evaluation.json
task3_formal_20260927T075834Z_d335ae80,epoch_010,gradient_norm_D_A,11.38359004163742,l2_norm,train,,task3_gan\Yuyao_Ding\outputs\task3_formal_20260927T075834Z_d335ae80\evaluation_20260927T130841Z_a267de\evaluation.json
task3_formal_20260927T075834Z_d335ae80,epoch_010,gradient_norm_D_B,11.853401041269302,l2_norm,train,,task3_gan\Yuyao_Ding\outputs\task3_formal_20260927T075834Z_d335ae80\evaluation_20260927T130841Z_a267de\evaluation.json
task3_formal_20260927T075834Z_d335ae80,epoch_011,G_A2B_adversarial,0.44017202651500703,loss,train,,task3_gan\Yuyao_Ding\outputs\task3_formal_20260927T075834Z_d335ae80\evaluation_20260927T130841Z_a267de\evaluation.json
task3_formal_20260927T075834Z_d335ae80,epoch_011,G_B2A_adversarial,0.44287686520908026,loss,train,,task3_gan\Yuyao_Ding\outputs\task3_formal_20260927T075834Z_d335ae80\evaluation_20260927T130841Z_a267de\evaluation.json
task3_formal_20260927T075834Z_d335ae80,epoch_011,D_A,0.20701170208863914,loss,train,,task3_gan\Yuyao_Ding\outputs\task3_formal_20260927T075834Z_d335ae80\evaluation_20260927T130841Z_a267de\evaluation.json
task3_formal_20260927T075834Z_d335ae80,epoch_011,D_B,0.20716218288987875,loss,train,,task3_gan\Yuyao_Ding\outputs\task3_formal_20260927T075834Z_d335ae80\evaluation_20260927T130841Z_a267de\evaluation.json
task3_formal_20260927T075834Z_d335ae80,epoch_011,G_total,5.661684559822082,loss,train,,task3_gan\Yuyao_Ding\outputs\task3_formal_20260927T075834Z_d335ae80\evaluation_20260927T130841Z_a267de\evaluation.json
task3_formal_20260927T075834Z_d335ae80,epoch_011,cycle_A,0.15782831155508756,loss,train,,task3_gan\Yuyao_Ding\outputs\task3_formal_20260927T075834Z_d335ae80\evaluation_20260927T130841Z_a267de\evaluation.json
task3_formal_20260927T075834Z_d335ae80,epoch_011,cycle_B,0.16979121857881546,loss,train,,task3_gan\Yuyao_Ding\outputs\task3_formal_20260927T075834Z_d335ae80\evaluation_20260927T130841Z_a267de\evaluation.json
task3_formal_20260927T075834Z_d335ae80,epoch_011,identity_A,0.14983677272498608,loss,train,,task3_gan\Yuyao_Ding\outputs\task3_formal_20260927T075834Z_d335ae80\evaluation_20260927T130841Z_a267de\evaluation.json
task3_formal_20260927T075834Z_d335ae80,epoch_011,identity_B,0.15065129777789116,loss,train,,task3_gan\Yuyao_Ding\outputs\task3_formal_20260927T075834Z_d335ae80\evaluation_20260927T130841Z_a267de\evaluation.json
task3_formal_20260927T075834Z_d335ae80,epoch_011,gradient_norm_G_A2B,21.128027746200562,l2_norm,train,,task3_gan\Yuyao_Ding\outputs\task3_formal_20260927T075834Z_d335ae80\evaluation_20260927T130841Z_a267de\evaluation.json
task3_formal_20260927T075834Z_d335ae80,epoch_011,gradient_norm_G_B2A,21.299000028133392,l2_norm,train,,task3_gan\Yuyao_Ding\outputs\task3_formal_20260927T075834Z_d335ae80\evaluation_20260927T130841Z_a267de\evaluation.json
task3_formal_20260927T075834Z_d335ae80,epoch_011,gradient_norm_D_A,11.283754774093628,l2_norm,train,,task3_gan\Yuyao_Ding\outputs\task3_formal_20260927T075834Z_d335ae80\evaluation_20260927T130841Z_a267de\evaluation.json
task3_formal_20260927T075834Z_d335ae80,epoch_011,gradient_norm_D_B,11.34692198395729,l2_norm,train,,task3_gan\Yuyao_Ding\outputs\task3_formal_20260927T075834Z_d335ae80\evaluation_20260927T130841Z_a267de\evaluation.json
task3_formal_20260927T075834Z_d335ae80,epoch_012,G_A2B_adversarial,0.4345560406073928,loss,train,,task3_gan\Yuyao_Ding\outputs\task3_formal_20260927T075834Z_d335ae80\evaluation_20260927T130841Z_a267de\evaluation.json
task3_formal_20260927T075834Z_d335ae80,epoch_012,G_B2A_adversarial,0.43387911017984154,loss,train,,task3_gan\Yuyao_Ding\outputs\task3_formal_20260927T075834Z_d335ae80\evaluation_20260927T130841Z_a267de\evaluation.json
task3_formal_20260927T075834Z_d335ae80,epoch_012,D_A,0.20885352074354888,loss,train,,task3_gan\Yuyao_Ding\outputs\task3_formal_20260927T075834Z_d335ae80\evaluation_20260927T130841Z_a267de\evaluation.json
task3_formal_20260927T075834Z_d335ae80,epoch_012,D_B,0.20901920843217522,loss,train,,task3_gan\Yuyao_Ding\outputs\task3_formal_20260927T075834Z_d335ae80\evaluation_20260927T130841Z_a267de\evaluation.json
task3_formal_20260927T075834Z_d335ae80,epoch_012,G_total,5.540902084350586,loss,train,,task3_gan\Yuyao_Ding\outputs\task3_formal_20260927T075834Z_d335ae80\evaluation_20260927T130841Z_a267de\evaluation.json
task3_formal_20260927T075834Z_d335ae80,epoch_012,cycle_A,0.15471096283942462,loss,train,,task3_gan\Yuyao_Ding\outputs\task3_formal_20260927T075834Z_d335ae80\evaluation_20260927T130841Z_a267de\evaluation.json
task3_formal_20260927T075834Z_d335ae80,epoch_012,cycle_B,0.16639495246857405,loss,train,,task3_gan\Yuyao_Ding\outputs\task3_formal_20260927T075834Z_d335ae80\evaluation_20260927T130841Z_a267de\evaluation.json
task3_formal_20260927T075834Z_d335ae80,epoch_012,identity_A,0.14724895906075836,loss,train,,task3_gan\Yuyao_Ding\outputs\task3_formal_20260927T075834Z_d335ae80\evaluation_20260927T130841Z_a267de\evaluation.json
task3_formal_20260927T075834Z_d335ae80,epoch_012,identity_B,0.1450325954183936,loss,train,,task3_gan\Yuyao_Ding\outputs\task3_formal_20260927T075834Z_d335ae80\evaluation_20260927T130841Z_a267de\evaluation.json
task3_formal_20260927T075834Z_d335ae80,epoch_012,gradient_norm_G_A2B,21.059495136260985,l2_norm,train,,task3_gan\Yuyao_Ding\outputs\task3_formal_20260927T075834Z_d335ae80\evaluation_20260927T130841Z_a267de\evaluation.json
task3_formal_20260927T075834Z_d335ae80,epoch_012,gradient_norm_G_B2A,21.153564121723175,l2_norm,train,,task3_gan\Yuyao_Ding\outputs\task3_formal_20260927T075834Z_d335ae80\evaluation_20260927T130841Z_a267de\evaluation.json
task3_formal_20260927T075834Z_d335ae80,epoch_012,gradient_norm_D_A,10.587106800436974,l2_norm,train,,task3_gan\Yuyao_Ding\outputs\task3_formal_20260927T075834Z_d335ae80\evaluation_20260927T130841Z_a267de\evaluation.json
task3_formal_20260927T075834Z_d335ae80,epoch_012,gradient_norm_D_B,11.336580108880996,l2_norm,train,,task3_gan\Yuyao_Ding\outputs\task3_formal_20260927T075834Z_d335ae80\evaluation_20260927T130841Z_a267de\evaluation.json
task3_formal_20260927T075834Z_d335ae80,epoch_013,G_A2B_adversarial,0.44406238639447837,loss,train,,task3_gan\Yuyao_Ding\outputs\task3_formal_20260927T075834Z_d335ae80\evaluation_20260927T130841Z_a267de\evaluation.json
task3_formal_20260927T075834Z_d335ae80,epoch_013,G_B2A_adversarial,0.43364936084486544,loss,train,,task3_gan\Yuyao_Ding\outputs\task3_formal_20260927T075834Z_d335ae80\evaluation_20260927T130841Z_a267de\evaluation.json
task3_formal_20260927T075834Z_d335ae80,epoch_013,D_A,0.2024250187240541,loss,train,,task3_gan\Yuyao_Ding\outputs\task3_formal_20260927T075834Z_d335ae80\evaluation_20260927T130841Z_a267de\evaluation.json
task3_formal_20260927T075834Z_d335ae80,epoch_013,D_B,0.20431731014698745,loss,train,,task3_gan\Yuyao_Ding\outputs\task3_formal_20260927T075834Z_d335ae80\evaluation_20260927T130841Z_a267de\evaluation.json
task3_formal_20260927T075834Z_d335ae80,epoch_013,G_total,5.374251392364502,loss,train,,task3_gan\Yuyao_Ding\outputs\task3_formal_20260927T075834Z_d335ae80\evaluation_20260927T130841Z_a267de\evaluation.json
task3_formal_20260927T075834Z_d335ae80,epoch_013,cycle_A,0.15035596467554568,loss,train,,task3_gan\Yuyao_Ding\outputs\task3_formal_20260927T075834Z_d335ae80\evaluation_20260927T130841Z_a267de\evaluation.json
task3_formal_20260927T075834Z_d335ae80,epoch_013,cycle_B,0.15842701426148414,loss,train,,task3_gan\Yuyao_Ding\outputs\task3_formal_20260927T075834Z_d335ae80\evaluation_20260927T130841Z_a267de\evaluation.json
task3_formal_20260927T075834Z_d335ae80,epoch_013,identity_A,0.1430838224478066,loss,train,,task3_gan\Yuyao_Ding\outputs\task3_formal_20260927T075834Z_d335ae80\evaluation_20260927T130841Z_a267de\evaluation.json
task3_formal_20260927T075834Z_d335ae80,epoch_013,identity_B,0.13865814746171237,loss,train,,task3_gan\Yuyao_Ding\outputs\task3_formal_20260927T075834Z_d335ae80\evaluation_20260927T130841Z_a267de\evaluation.json
task3_formal_20260927T075834Z_d335ae80,epoch_013,gradient_norm_G_A2B,20.286426688194275,l2_norm,train,,task3_gan\Yuyao_Ding\outputs\task3_formal_20260927T075834Z_d335ae80\evaluation_20260927T130841Z_a267de\evaluation.json
task3_formal_20260927T075834Z_d335ae80,epoch_013,gradient_norm_G_B2A,20.810383663654328,l2_norm,train,,task3_gan\Yuyao_Ding\outputs\task3_formal_20260927T075834Z_d335ae80\evaluation_20260927T130841Z_a267de\evaluation.json
task3_formal_20260927T075834Z_d335ae80,epoch_013,gradient_norm_D_A,10.249728308081627,l2_norm,train,,task3_gan\Yuyao_Ding\outputs\task3_formal_20260927T075834Z_d335ae80\evaluation_20260927T130841Z_a267de\evaluation.json
task3_formal_20260927T075834Z_d335ae80,epoch_013,gradient_norm_D_B,11.060535878062248,l2_norm,train,,task3_gan\Yuyao_Ding\outputs\task3_formal_20260927T075834Z_d335ae80\evaluation_20260927T130841Z_a267de\evaluation.json
task3_formal_20260927T075834Z_d335ae80,epoch_014,G_A2B_adversarial,0.4525073366947472,loss,train,,task3_gan\Yuyao_Ding\outputs\task3_formal_20260927T075834Z_d335ae80\evaluation_20260927T130841Z_a267de\evaluation.json
task3_formal_20260927T075834Z_d335ae80,epoch_014,G_B2A_adversarial,0.45931295519135895,loss,train,,task3_gan\Yuyao_Ding\outputs\task3_formal_20260927T075834Z_d335ae80\evaluation_20260927T130841Z_a267de\evaluation.json
task3_formal_20260927T075834Z_d335ae80,epoch_014,D_A,0.20302940100152045,loss,train,,task3_gan\Yuyao_Ding\outputs\task3_formal_20260927T075834Z_d335ae80\evaluation_20260927T130841Z_a267de\evaluation.json
task3_formal_20260927T075834Z_d335ae80,epoch_014,D_B,0.20086341967899352,loss,train,,task3_gan\Yuyao_Ding\outputs\task3_formal_20260927T075834Z_d335ae80\evaluation_20260927T130841Z_a267de\evaluation.json
task3_formal_20260927T075834Z_d335ae80,epoch_014,G_total,5.438668658018112,loss,train,,task3_gan\Yuyao_Ding\outputs\task3_formal_20260927T075834Z_d335ae80\evaluation_20260927T130841Z_a267de\evaluation.json
task3_formal_20260927T075834Z_d335ae80,epoch_014,cycle_A,0.14788584230095148,loss,train,,task3_gan\Yuyao_Ding\outputs\task3_formal_20260927T075834Z_d335ae80\evaluation_20260927T130841Z_a267de\evaluation.json
task3_formal_20260927T075834Z_d335ae80,epoch_014,cycle_B,0.16292779514193534,loss,train,,task3_gan\Yuyao_Ding\outputs\task3_formal_20260927T075834Z_d335ae80\evaluation_20260927T130841Z_a267de\evaluation.json
task3_formal_20260927T075834Z_d335ae80,epoch_014,identity_A,0.14100406972318888,loss,train,,task3_gan\Yuyao_Ding\outputs\task3_formal_20260927T075834Z_d335ae80\evaluation_20260927T130841Z_a267de\evaluation.json
task3_formal_20260927T075834Z_d335ae80,epoch_014,identity_B,0.14273832588270308,loss,train,,task3_gan\Yuyao_Ding\outputs\task3_formal_20260927T075834Z_d335ae80\evaluation_20260927T130841Z_a267de\evaluation.json
task3_formal_20260927T075834Z_d335ae80,epoch_014,gradient_norm_G_A2B,20.24713881111145,l2_norm,train,,task3_gan\Yuyao_Ding\outputs\task3_formal_20260927T075834Z_d335ae80\evaluation_20260927T130841Z_a267de\evaluation.json
task3_formal_20260927T075834Z_d335ae80,epoch_014,gradient_norm_G_B2A,20.44836222696304,l2_norm,train,,task3_gan\Yuyao_Ding\outputs\task3_formal_20260927T075834Z_d335ae80\evaluation_20260927T130841Z_a267de\evaluation.json
task3_formal_20260927T075834Z_d335ae80,epoch_014,gradient_norm_D_A,10.376713882684708,l2_norm,train,,task3_gan\Yuyao_Ding\outputs\task3_formal_20260927T075834Z_d335ae80\evaluation_20260927T130841Z_a267de\evaluation.json
task3_formal_20260927T075834Z_d335ae80,epoch_014,gradient_norm_D_B,10.708742272615433,l2_norm,train,,task3_gan\Yuyao_Ding\outputs\task3_formal_20260927T075834Z_d335ae80\evaluation_20260927T130841Z_a267de\evaluation.json
task3_formal_20260927T075834Z_d335ae80,epoch_015,G_A2B_adversarial,0.4563553675478324,loss,train,,task3_gan\Yuyao_Ding\outputs\task3_formal_20260927T075834Z_d335ae80\evaluation_20260927T130841Z_a267de\evaluation.json
task3_formal_20260927T075834Z_d335ae80,epoch_015,G_B2A_adversarial,0.4465419562747702,loss,train,,task3_gan\Yuyao_Ding\outputs\task3_formal_20260927T075834Z_d335ae80\evaluation_20260927T130841Z_a267de\evaluation.json
task3_formal_20260927T075834Z_d335ae80,epoch_015,D_A,0.19928274020273237,loss,train,,task3_gan\Yuyao_Ding\outputs\task3_formal_20260927T075834Z_d335ae80\evaluation_20260927T130841Z_a267de\evaluation.json
task3_formal_20260927T075834Z_d335ae80,epoch_015,D_B,0.19990514420345426,loss,train,,task3_gan\Yuyao_Ding\outputs\task3_formal_20260927T075834Z_d335ae80\evaluation_20260927T130841Z_a267de\evaluation.json
task3_formal_20260927T075834Z_d335ae80,epoch_015,G_total,5.409220234155655,loss,train,,task3_gan\Yuyao_Ding\outputs\task3_formal_20260927T075834Z_d335ae80\evaluation_20260927T130841Z_a267de\evaluation.json
task3_formal_20260927T075834Z_d335ae80,epoch_015,cycle_A,0.14810117207467555,loss,train,,task3_gan\Yuyao_Ding\outputs\task3_formal_20260927T075834Z_d335ae80\evaluation_20260927T130841Z_a267de\evaluation.json
task3_formal_20260927T075834Z_d335ae80,epoch_015,cycle_B,0.16154700119793414,loss,train,,task3_gan\Yuyao_Ding\outputs\task3_formal_20260927T075834Z_d335ae80\evaluation_20260927T130841Z_a267de\evaluation.json
task3_formal_20260927T075834Z_d335ae80,epoch_015,identity_A,0.1403244089484215,loss,train,,task3_gan\Yuyao_Ding\outputs\task3_formal_20260927T075834Z_d335ae80\evaluation_20260927T130841Z_a267de\evaluation.json
task3_formal_20260927T075834Z_d335ae80,epoch_015,identity_B,0.14164382522553207,loss,train,,task3_gan\Yuyao_Ding\outputs\task3_formal_20260927T075834Z_d335ae80\evaluation_20260927T130841Z_a267de\evaluation.json
task3_formal_20260927T075834Z_d335ae80,epoch_015,gradient_norm_G_A2B,20.430889835834503,l2_norm,train,,task3_gan\Yuyao_Ding\outputs\task3_formal_20260927T075834Z_d335ae80\evaluation_20260927T130841Z_a267de\evaluation.json
task3_formal_20260927T075834Z_d335ae80,epoch_015,gradient_norm_G_B2A,20.68400616264343,l2_norm,train,,task3_gan\Yuyao_Ding\outputs\task3_formal_20260927T075834Z_d335ae80\evaluation_20260927T130841Z_a267de\evaluation.json
task3_formal_20260927T075834Z_d335ae80,epoch_015,gradient_norm_D_A,9.66591594696045,l2_norm,train,,task3_gan\Yuyao_Ding\outputs\task3_formal_20260927T075834Z_d335ae80\evaluation_20260927T130841Z_a267de\evaluation.json
task3_formal_20260927T075834Z_d335ae80,epoch_015,gradient_norm_D_B,10.208807718157768,l2_norm,train,,task3_gan\Yuyao_Ding\outputs\task3_formal_20260927T075834Z_d335ae80\evaluation_20260927T130841Z_a267de\evaluation.json
task3_formal_20260927T075834Z_d335ae80,epoch_016,G_A2B_adversarial,0.4434875419083983,loss,train,,task3_gan\Yuyao_Ding\outputs\task3_formal_20260927T075834Z_d335ae80\evaluation_20260927T130841Z_a267de\evaluation.json
task3_formal_20260927T075834Z_d335ae80,epoch_016,G_B2A_adversarial,0.4470773204043508,loss,train,,task3_gan\Yuyao_Ding\outputs\task3_formal_20260927T075834Z_d335ae80\evaluation_20260927T130841Z_a267de\evaluation.json
task3_formal_20260927T075834Z_d335ae80,epoch_016,D_A,0.2004971216134727,loss,train,,task3_gan\Yuyao_Ding\outputs\task3_formal_20260927T075834Z_d335ae80\evaluation_20260927T130841Z_a267de\evaluation.json
task3_formal_20260927T075834Z_d335ae80,epoch_016,D_B,0.20364798376522958,loss,train,,task3_gan\Yuyao_Ding\outputs\task3_formal_20260927T075834Z_d335ae80\evaluation_20260927T130841Z_a267de\evaluation.json
task3_formal_20260927T075834Z_d335ae80,epoch_016,G_total,5.254175342798233,loss,train,,task3_gan\Yuyao_Ding\outputs\task3_formal_20260927T075834Z_d335ae80\evaluation_20260927T130841Z_a267de\evaluation.json
task3_formal_20260927T075834Z_d335ae80,epoch_016,cycle_A,0.14216816379874944,loss,train,,task3_gan\Yuyao_Ding\outputs\task3_formal_20260927T075834Z_d335ae80\evaluation_20260927T130841Z_a267de\evaluation.json
task3_formal_20260927T075834Z_d335ae80,epoch_016,cycle_B,0.15709577336907388,loss,train,,task3_gan\Yuyao_Ding\outputs\task3_formal_20260927T075834Z_d335ae80\evaluation_20260927T130841Z_a267de\evaluation.json
task3_formal_20260927T075834Z_d335ae80,epoch_016,identity_A,0.13626358859241008,loss,train,,task3_gan\Yuyao_Ding\outputs\task3_formal_20260927T075834Z_d335ae80\evaluation_20260927T130841Z_a267de\evaluation.json
task3_formal_20260927T075834Z_d335ae80,epoch_016,identity_B,0.1379306299686432,loss,train,,task3_gan\Yuyao_Ding\outputs\task3_formal_20260927T075834Z_d335ae80\evaluation_20260927T130841Z_a267de\evaluation.json
task3_formal_20260927T075834Z_d335ae80,epoch_016,gradient_norm_G_A2B,20.484653032302855,l2_norm,train,,task3_gan\Yuyao_Ding\outputs\task3_formal_20260927T075834Z_d335ae80\evaluation_20260927T130841Z_a267de\evaluation.json
task3_formal_20260927T075834Z_d335ae80,epoch_016,gradient_norm_G_B2A,20.055384900569916,l2_norm,train,,task3_gan\Yuyao_Ding\outputs\task3_formal_20260927T075834Z_d335ae80\evaluation_20260927T130841Z_a267de\evaluation.json
task3_formal_20260927T075834Z_d335ae80,epoch_016,gradient_norm_D_A,9.884659488797189,l2_norm,train,,task3_gan\Yuyao_Ding\outputs\task3_formal_20260927T075834Z_d335ae80\evaluation_20260927T130841Z_a267de\evaluation.json
task3_formal_20260927T075834Z_d335ae80,epoch_016,gradient_norm_D_B,10.251668556213378,l2_norm,train,,task3_gan\Yuyao_Ding\outputs\task3_formal_20260927T075834Z_d335ae80\evaluation_20260927T130841Z_a267de\evaluation.json
task3_formal_20260927T075834Z_d335ae80,epoch_017,G_A2B_adversarial,0.4467644481947646,loss,train,,task3_gan\Yuyao_Ding\outputs\task3_formal_20260927T075834Z_d335ae80\evaluation_20260927T130841Z_a267de\evaluation.json
task3_formal_20260927T075834Z_d335ae80,epoch_017,G_B2A_adversarial,0.4508958106711507,loss,train,,task3_gan\Yuyao_Ding\outputs\task3_formal_20260927T075834Z_d335ae80\evaluation_20260927T130841Z_a267de\evaluation.json
task3_formal_20260927T075834Z_d335ae80,epoch_017,D_A,0.19682414177060129,loss,train,,task3_gan\Yuyao_Ding\outputs\task3_formal_20260927T075834Z_d335ae80\evaluation_20260927T130841Z_a267de\evaluation.json
task3_formal_20260927T075834Z_d335ae80,epoch_017,D_B,0.19951983340550214,loss,train,,task3_gan\Yuyao_Ding\outputs\task3_formal_20260927T075834Z_d335ae80\evaluation_20260927T130841Z_a267de\evaluation.json
task3_formal_20260927T075834Z_d335ae80,epoch_017,G_total,5.160449033021927,loss,train,,task3_gan\Yuyao_Ding\outputs\task3_formal_20260927T075834Z_d335ae80\evaluation_20260927T130841Z_a267de\evaluation.json
task3_formal_20260927T075834Z_d335ae80,epoch_017,cycle_A,0.13964224534481764,loss,train,,task3_gan\Yuyao_Ding\outputs\task3_formal_20260927T075834Z_d335ae80\evaluation_20260927T130841Z_a267de\evaluation.json
task3_formal_20260927T075834Z_d335ae80,epoch_017,cycle_B,0.15309565656632185,loss,train,,task3_gan\Yuyao_Ding\outputs\task3_formal_20260927T075834Z_d335ae80\evaluation_20260927T130841Z_a267de\evaluation.json
task3_formal_20260927T075834Z_d335ae80,epoch_017,identity_A,0.13370973328500987,loss,train,,task3_gan\Yuyao_Ding\outputs\task3_formal_20260927T075834Z_d335ae80\evaluation_20260927T130841Z_a267de\evaluation.json
task3_formal_20260927T075834Z_d335ae80,epoch_017,identity_B,0.13337221517413855,loss,train,,task3_gan\Yuyao_Ding\outputs\task3_formal_20260927T075834Z_d335ae80\evaluation_20260927T130841Z_a267de\evaluation.json
task3_formal_20260927T075834Z_d335ae80,epoch_017,gradient_norm_G_A2B,19.976654034137727,l2_norm,train,,task3_gan\Yuyao_Ding\outputs\task3_formal_20260927T075834Z_d335ae80\evaluation_20260927T130841Z_a267de\evaluation.json
task3_formal_20260927T075834Z_d335ae80,epoch_017,gradient_norm_G_B2A,19.597959016323088,l2_norm,train,,task3_gan\Yuyao_Ding\outputs\task3_formal_20260927T075834Z_d335ae80\evaluation_20260927T130841Z_a267de\evaluation.json
task3_formal_20260927T075834Z_d335ae80,epoch_017,gradient_norm_D_A,9.595818767547607,l2_norm,train,,task3_gan\Yuyao_Ding\outputs\task3_formal_20260927T075834Z_d335ae80\evaluation_20260927T130841Z_a267de\evaluation.json
task3_formal_20260927T075834Z_d335ae80,epoch_017,gradient_norm_D_B,9.902480845689773,l2_norm,train,,task3_gan\Yuyao_Ding\outputs\task3_formal_20260927T075834Z_d335ae80\evaluation_20260927T130841Z_a267de\evaluation.json
task3_formal_20260927T075834Z_d335ae80,epoch_018,G_A2B_adversarial,0.45193223404698074,loss,train,,task3_gan\Yuyao_Ding\outputs\task3_formal_20260927T075834Z_d335ae80\evaluation_20260927T130841Z_a267de\evaluation.json
task3_formal_20260927T075834Z_d335ae80,epoch_018,G_B2A_adversarial,0.4547550171967596,loss,train,,task3_gan\Yuyao_Ding\outputs\task3_formal_20260927T075834Z_d335ae80\evaluation_20260927T130841Z_a267de\evaluation.json
task3_formal_20260927T075834Z_d335ae80,epoch_018,D_A,0.19291352807730436,loss,train,,task3_gan\Yuyao_Ding\outputs\task3_formal_20260927T075834Z_d335ae80\evaluation_20260927T130841Z_a267de\evaluation.json
task3_formal_20260927T075834Z_d335ae80,epoch_018,D_B,0.19878222482465208,loss,train,,task3_gan\Yuyao_Ding\outputs\task3_formal_20260927T075834Z_d335ae80\evaluation_20260927T130841Z_a267de\evaluation.json
task3_formal_20260927T075834Z_d335ae80,epoch_018,G_total,5.081300129413605,loss,train,,task3_gan\Yuyao_Ding\outputs\task3_formal_20260927T075834Z_d335ae80\evaluation_20260927T130841Z_a267de\evaluation.json
task3_formal_20260927T075834Z_d335ae80,epoch_018,cycle_A,0.13645504343882203,loss,train,,task3_gan\Yuyao_Ding\outputs\task3_formal_20260927T075834Z_d335ae80\evaluation_20260927T130841Z_a267de\evaluation.json
task3_formal_20260927T075834Z_d335ae80,epoch_018,cycle_B,0.15022908190637826,loss,train,,task3_gan\Yuyao_Ding\outputs\task3_formal_20260927T075834Z_d335ae80\evaluation_20260927T130841Z_a267de\evaluation.json
task3_formal_20260927T075834Z_d335ae80,epoch_018,identity_A,0.13024303198233247,loss,train,,task3_gan\Yuyao_Ding\outputs\task3_formal_20260927T075834Z_d335ae80\evaluation_20260927T130841Z_a267de\evaluation.json
task3_formal_20260927T075834Z_d335ae80,epoch_018,identity_B,0.1313112914711237,loss,train,,task3_gan\Yuyao_Ding\outputs\task3_formal_20260927T075834Z_d335ae80\evaluation_20260927T130841Z_a267de\evaluation.json
task3_formal_20260927T075834Z_d335ae80,epoch_018,gradient_norm_G_A2B,19.973981778621674,l2_norm,train,,task3_gan\Yuyao_Ding\outputs\task3_formal_20260927T075834Z_d335ae80\evaluation_20260927T130841Z_a267de\evaluation.json
task3_formal_20260927T075834Z_d335ae80,epoch_018,gradient_norm_G_B2A,19.353423838615416,l2_norm,train,,task3_gan\Yuyao_Ding\outputs\task3_formal_20260927T075834Z_d335ae80\evaluation_20260927T130841Z_a267de\evaluation.json
task3_formal_20260927T075834Z_d335ae80,epoch_018,gradient_norm_D_A,9.36989203453064,l2_norm,train,,task3_gan\Yuyao_Ding\outputs\task3_formal_20260927T075834Z_d335ae80\evaluation_20260927T130841Z_a267de\evaluation.json
task3_formal_20260927T075834Z_d335ae80,epoch_018,gradient_norm_D_B,9.626462201833725,l2_norm,train,,task3_gan\Yuyao_Ding\outputs\task3_formal_20260927T075834Z_d335ae80\evaluation_20260927T130841Z_a267de\evaluation.json
task3_formal_20260927T075834Z_d335ae80,epoch_019,G_A2B_adversarial,0.4638171477969736,loss,train,,task3_gan\Yuyao_Ding\outputs\task3_formal_20260927T075834Z_d335ae80\evaluation_20260927T130841Z_a267de\evaluation.json
task3_formal_20260927T075834Z_d335ae80,epoch_019,G_B2A_adversarial,0.4556321346312761,loss,train,,task3_gan\Yuyao_Ding\outputs\task3_formal_20260927T075834Z_d335ae80\evaluation_20260927T130841Z_a267de\evaluation.json
task3_formal_20260927T075834Z_d335ae80,epoch_019,D_A,0.19214286922849716,loss,train,,task3_gan\Yuyao_Ding\outputs\task3_formal_20260927T075834Z_d335ae80\evaluation_20260927T130841Z_a267de\evaluation.json
task3_formal_20260927T075834Z_d335ae80,epoch_019,D_B,0.19642461393028499,loss,train,,task3_gan\Yuyao_Ding\outputs\task3_formal_20260927T075834Z_d335ae80\evaluation_20260927T130841Z_a267de\evaluation.json
task3_formal_20260927T075834Z_d335ae80,epoch_019,G_total,5.055045713186264,loss,train,,task3_gan\Yuyao_Ding\outputs\task3_formal_20260927T075834Z_d335ae80\evaluation_20260927T130841Z_a267de\evaluation.json
task3_formal_20260927T075834Z_d335ae80,epoch_019,cycle_A,0.13453247667849064,loss,train,,task3_gan\Yuyao_Ding\outputs\task3_formal_20260927T075834Z_d335ae80\evaluation_20260927T130841Z_a267de\evaluation.json
task3_formal_20260927T075834Z_d335ae80,epoch_019,cycle_B,0.1483983148857951,loss,train,,task3_gan\Yuyao_Ding\outputs\task3_formal_20260927T075834Z_d335ae80\evaluation_20260927T130841Z_a267de\evaluation.json
task3_formal_20260927T075834Z_d335ae80,epoch_019,identity_A,0.13061251416057348,loss,train,,task3_gan\Yuyao_Ding\outputs\task3_formal_20260927T075834Z_d335ae80\evaluation_20260927T130841Z_a267de\evaluation.json
task3_formal_20260927T075834Z_d335ae80,epoch_019,identity_B,0.13064518701657654,loss,train,,task3_gan\Yuyao_Ding\outputs\task3_formal_20260927T075834Z_d335ae80\evaluation_20260927T130841Z_a267de\evaluation.json
task3_formal_20260927T075834Z_d335ae80,epoch_019,gradient_norm_G_A2B,19.410826622009278,l2_norm,train,,task3_gan\Yuyao_Ding\outputs\task3_formal_20260927T075834Z_d335ae80\evaluation_20260927T130841Z_a267de\evaluation.json
task3_formal_20260927T075834Z_d335ae80,epoch_019,gradient_norm_G_B2A,19.50105181789398,l2_norm,train,,task3_gan\Yuyao_Ding\outputs\task3_formal_20260927T075834Z_d335ae80\evaluation_20260927T130841Z_a267de\evaluation.json
task3_formal_20260927T075834Z_d335ae80,epoch_019,gradient_norm_D_A,9.156964386463166,l2_norm,train,,task3_gan\Yuyao_Ding\outputs\task3_formal_20260927T075834Z_d335ae80\evaluation_20260927T130841Z_a267de\evaluation.json
task3_formal_20260927T075834Z_d335ae80,epoch_019,gradient_norm_D_B,9.525119551420211,l2_norm,train,,task3_gan\Yuyao_Ding\outputs\task3_formal_20260927T075834Z_d335ae80\evaluation_20260927T130841Z_a267de\evaluation.json
task3_formal_20260927T075834Z_d335ae80,epoch_020,G_A2B_adversarial,0.45100298841297626,loss,train,,task3_gan\Yuyao_Ding\outputs\task3_formal_20260927T075834Z_d335ae80\evaluation_20260927T130841Z_a267de\evaluation.json
task3_formal_20260927T075834Z_d335ae80,epoch_020,G_B2A_adversarial,0.45156336573325095,loss,train,,task3_gan\Yuyao_Ding\outputs\task3_formal_20260927T075834Z_d335ae80\evaluation_20260927T130841Z_a267de\evaluation.json
task3_formal_20260927T075834Z_d335ae80,epoch_020,D_A,0.19015833338163793,loss,train,,task3_gan\Yuyao_Ding\outputs\task3_formal_20260927T075834Z_d335ae80\evaluation_20260927T130841Z_a267de\evaluation.json
task3_formal_20260927T075834Z_d335ae80,epoch_020,D_B,0.19510123542137445,loss,train,,task3_gan\Yuyao_Ding\outputs\task3_formal_20260927T075834Z_d335ae80\evaluation_20260927T130841Z_a267de\evaluation.json
task3_formal_20260927T075834Z_d335ae80,epoch_020,G_total,5.003740656614304,loss,train,,task3_gan\Yuyao_Ding\outputs\task3_formal_20260927T075834Z_d335ae80\evaluation_20260927T130841Z_a267de\evaluation.json
task3_formal_20260927T075834Z_d335ae80,epoch_020,cycle_A,0.13100402430444955,loss,train,,task3_gan\Yuyao_Ding\outputs\task3_formal_20260927T075834Z_d335ae80\evaluation_20260927T130841Z_a267de\evaluation.json
task3_formal_20260927T075834Z_d335ae80,epoch_020,cycle_B,0.15058446373790502,loss,train,,task3_gan\Yuyao_Ding\outputs\task3_formal_20260927T075834Z_d335ae80\evaluation_20260927T130841Z_a267de\evaluation.json
task3_formal_20260927T075834Z_d335ae80,epoch_020,identity_A,0.12638927295804023,loss,train,,task3_gan\Yuyao_Ding\outputs\task3_formal_20260927T075834Z_d335ae80\evaluation_20260927T130841Z_a267de\evaluation.json
task3_formal_20260927T075834Z_d335ae80,epoch_020,identity_B,0.1306686107106507,loss,train,,task3_gan\Yuyao_Ding\outputs\task3_formal_20260927T075834Z_d335ae80\evaluation_20260927T130841Z_a267de\evaluation.json
task3_formal_20260927T075834Z_d335ae80,epoch_020,gradient_norm_G_A2B,19.215642001628876,l2_norm,train,,task3_gan\Yuyao_Ding\outputs\task3_formal_20260927T075834Z_d335ae80\evaluation_20260927T130841Z_a267de\evaluation.json
task3_formal_20260927T075834Z_d335ae80,epoch_020,gradient_norm_G_B2A,18.754264601707458,l2_norm,train,,task3_gan\Yuyao_Ding\outputs\task3_formal_20260927T075834Z_d335ae80\evaluation_20260927T130841Z_a267de\evaluation.json
task3_formal_20260927T075834Z_d335ae80,epoch_020,gradient_norm_D_A,9.037411565542222,l2_norm,train,,task3_gan\Yuyao_Ding\outputs\task3_formal_20260927T075834Z_d335ae80\evaluation_20260927T130841Z_a267de\evaluation.json
task3_formal_20260927T075834Z_d335ae80,epoch_020,gradient_norm_D_B,9.072027314543725,l2_norm,train,,task3_gan\Yuyao_Ding\outputs\task3_formal_20260927T075834Z_d335ae80\evaluation_20260927T130841Z_a267de\evaluation.json
task3_formal_20260927T075834Z_d335ae80,epoch_021,G_A2B_adversarial,0.47588280045241116,loss,train,,task3_gan\Yuyao_Ding\outputs\task3_formal_20260927T075834Z_d335ae80\evaluation_20260927T130841Z_a267de\evaluation.json
task3_formal_20260927T075834Z_d335ae80,epoch_021,G_B2A_adversarial,0.4674960990846157,loss,train,,task3_gan\Yuyao_Ding\outputs\task3_formal_20260927T075834Z_d335ae80\evaluation_20260927T130841Z_a267de\evaluation.json
task3_formal_20260927T075834Z_d335ae80,epoch_021,D_A,0.187457304649055,loss,train,,task3_gan\Yuyao_Ding\outputs\task3_formal_20260927T075834Z_d335ae80\evaluation_20260927T130841Z_a267de\evaluation.json
task3_formal_20260927T075834Z_d335ae80,epoch_021,D_B,0.18613262932095676,loss,train,,task3_gan\Yuyao_Ding\outputs\task3_formal_20260927T075834Z_d335ae80\evaluation_20260927T130841Z_a267de\evaluation.json
task3_formal_20260927T075834Z_d335ae80,epoch_021,G_total,5.0125194902420045,loss,train,,task3_gan\Yuyao_Ding\outputs\task3_formal_20260927T075834Z_d335ae80\evaluation_20260927T130841Z_a267de\evaluation.json
task3_formal_20260927T075834Z_d335ae80,epoch_021,cycle_A,0.12963686557114124,loss,train,,task3_gan\Yuyao_Ding\outputs\task3_formal_20260927T075834Z_d335ae80\evaluation_20260927T130841Z_a267de\evaluation.json
task3_formal_20260927T075834Z_d335ae80,epoch_021,cycle_B,0.14894281259924175,loss,train,,task3_gan\Yuyao_Ding\outputs\task3_formal_20260927T075834Z_d335ae80\evaluation_20260927T130841Z_a267de\evaluation.json
task3_formal_20260927T075834Z_d335ae80,epoch_021,identity_A,0.1260855735950172,loss,train,,task3_gan\Yuyao_Ding\outputs\task3_formal_20260927T075834Z_d335ae80\evaluation_20260927T130841Z_a267de\evaluation.json
task3_formal_20260927T075834Z_d335ae80,epoch_021,identity_B,0.13058318445459008,loss,train,,task3_gan\Yuyao_Ding\outputs\task3_formal_20260927T075834Z_d335ae80\evaluation_20260927T130841Z_a267de\evaluation.json
task3_formal_20260927T075834Z_d335ae80,epoch_021,gradient_norm_G_A2B,19.30442254114151,l2_norm,train,,task3_gan\Yuyao_Ding\outputs\task3_formal_20260927T075834Z_d335ae80\evaluation_20260927T130841Z_a267de\evaluation.json
task3_formal_20260927T075834Z_d335ae80,epoch_021,gradient_norm_G_B2A,18.945429346084595,l2_norm,train,,task3_gan\Yuyao_Ding\outputs\task3_formal_20260927T075834Z_d335ae80\evaluation_20260927T130841Z_a267de\evaluation.json
task3_formal_20260927T075834Z_d335ae80,epoch_021,gradient_norm_D_A,8.992969783902169,l2_norm,train,,task3_gan\Yuyao_Ding\outputs\task3_formal_20260927T075834Z_d335ae80\evaluation_20260927T130841Z_a267de\evaluation.json
task3_formal_20260927T075834Z_d335ae80,epoch_021,gradient_norm_D_B,9.015592053890229,l2_norm,train,,task3_gan\Yuyao_Ding\outputs\task3_formal_20260927T075834Z_d335ae80\evaluation_20260927T130841Z_a267de\evaluation.json
task3_formal_20260927T075834Z_d335ae80,epoch_022,G_A2B_adversarial,0.45003111492842435,loss,train,,task3_gan\Yuyao_Ding\outputs\task3_formal_20260927T075834Z_d335ae80\evaluation_20260927T130841Z_a267de\evaluation.json
task3_formal_20260927T075834Z_d335ae80,epoch_022,G_B2A_adversarial,0.46338103292137384,loss,train,,task3_gan\Yuyao_Ding\outputs\task3_formal_20260927T075834Z_d335ae80\evaluation_20260927T130841Z_a267de\evaluation.json
task3_formal_20260927T075834Z_d335ae80,epoch_022,D_A,0.1894358239825815,loss,train,,task3_gan\Yuyao_Ding\outputs\task3_formal_20260927T075834Z_d335ae80\evaluation_20260927T130841Z_a267de\evaluation.json
task3_formal_20260927T075834Z_d335ae80,epoch_022,D_B,0.1950508446469903,loss,train,,task3_gan\Yuyao_Ding\outputs\task3_formal_20260927T075834Z_d335ae80\evaluation_20260927T130841Z_a267de\evaluation.json
task3_formal_20260927T075834Z_d335ae80,epoch_022,G_total,4.91218794798851,loss,train,,task3_gan\Yuyao_Ding\outputs\task3_formal_20260927T075834Z_d335ae80\evaluation_20260927T130841Z_a267de\evaluation.json
task3_formal_20260927T075834Z_d335ae80,epoch_022,cycle_A,0.12812519519776105,loss,train,,task3_gan\Yuyao_Ding\outputs\task3_formal_20260927T075834Z_d335ae80\evaluation_20260927T130841Z_a267de\evaluation.json
task3_formal_20260927T075834Z_d335ae80,epoch_022,cycle_B,0.1452661961838603,loss,train,,task3_gan\Yuyao_Ding\outputs\task3_formal_20260927T075834Z_d335ae80\evaluation_20260927T130841Z_a267de\evaluation.json
task3_formal_20260927T075834Z_d335ae80,epoch_022,identity_A,0.12547817309945822,loss,train,,task3_gan\Yuyao_Ding\outputs\task3_formal_20260927T075834Z_d335ae80\evaluation_20260927T130841Z_a267de\evaluation.json
task3_formal_20260927T075834Z_d335ae80,epoch_022,identity_B,0.12749420193210245,loss,train,,task3_gan\Yuyao_Ding\outputs\task3_formal_20260927T075834Z_d335ae80\evaluation_20260927T130841Z_a267de\evaluation.json
task3_formal_20260927T075834Z_d335ae80,epoch_022,gradient_norm_G_A2B,18.9739330701828,l2_norm,train,,task3_gan\Yuyao_Ding\outputs\task3_formal_20260927T075834Z_d335ae80\evaluation_20260927T130841Z_a267de\evaluation.json
task3_formal_20260927T075834Z_d335ae80,epoch_022,gradient_norm_G_B2A,18.822808454990387,l2_norm,train,,task3_gan\Yuyao_Ding\outputs\task3_formal_20260927T075834Z_d335ae80\evaluation_20260927T130841Z_a267de\evaluation.json
task3_formal_20260927T075834Z_d335ae80,epoch_022,gradient_norm_D_A,8.853649849295616,l2_norm,train,,task3_gan\Yuyao_Ding\outputs\task3_formal_20260927T075834Z_d335ae80\evaluation_20260927T130841Z_a267de\evaluation.json
task3_formal_20260927T075834Z_d335ae80,epoch_022,gradient_norm_D_B,8.79437395632267,l2_norm,train,,task3_gan\Yuyao_Ding\outputs\task3_formal_20260927T075834Z_d335ae80\evaluation_20260927T130841Z_a267de\evaluation.json
task3_formal_20260927T075834Z_d335ae80,epoch_023,G_A2B_adversarial,0.47613455768860874,loss,train,,task3_gan\Yuyao_Ding\outputs\task3_formal_20260927T075834Z_d335ae80\evaluation_20260927T130841Z_a267de\evaluation.json
task3_formal_20260927T075834Z_d335ae80,epoch_023,G_B2A_adversarial,0.44545589240454136,loss,train,,task3_gan\Yuyao_Ding\outputs\task3_formal_20260927T075834Z_d335ae80\evaluation_20260927T130841Z_a267de\evaluation.json
task3_formal_20260927T075834Z_d335ae80,epoch_023,D_A,0.1902294026259333,loss,train,,task3_gan\Yuyao_Ding\outputs\task3_formal_20260927T075834Z_d335ae80\evaluation_20260927T130841Z_a267de\evaluation.json
task3_formal_20260927T075834Z_d335ae80,epoch_023,D_B,0.1932330822404474,loss,train,,task3_gan\Yuyao_Ding\outputs\task3_formal_20260927T075834Z_d335ae80\evaluation_20260927T130841Z_a267de\evaluation.json
task3_formal_20260927T075834Z_d335ae80,epoch_023,G_total,4.943044149160385,loss,train,,task3_gan\Yuyao_Ding\outputs\task3_formal_20260927T075834Z_d335ae80\evaluation_20260927T130841Z_a267de\evaluation.json
task3_formal_20260927T075834Z_d335ae80,epoch_023,cycle_A,0.12786641398072243,loss,train,,task3_gan\Yuyao_Ding\outputs\task3_formal_20260927T075834Z_d335ae80\evaluation_20260927T130841Z_a267de\evaluation.json
task3_formal_20260927T075834Z_d335ae80,epoch_023,cycle_B,0.14743298483639955,loss,train,,task3_gan\Yuyao_Ding\outputs\task3_formal_20260927T075834Z_d335ae80\evaluation_20260927T130841Z_a267de\evaluation.json
task3_formal_20260927T075834Z_d335ae80,epoch_023,identity_A,0.12366236536949873,loss,train,,task3_gan\Yuyao_Ding\outputs\task3_formal_20260927T075834Z_d335ae80\evaluation_20260927T130841Z_a267de\evaluation.json
task3_formal_20260927T075834Z_d335ae80,epoch_023,identity_B,0.13002957504615187,loss,train,,task3_gan\Yuyao_Ding\outputs\task3_formal_20260927T075834Z_d335ae80\evaluation_20260927T130841Z_a267de\evaluation.json
task3_formal_20260927T075834Z_d335ae80,epoch_023,gradient_norm_G_A2B,18.69168278169632,l2_norm,train,,task3_gan\Yuyao_Ding\outputs\task3_formal_20260927T075834Z_d335ae80\evaluation_20260927T130841Z_a267de\evaluation.json
task3_formal_20260927T075834Z_d335ae80,epoch_023,gradient_norm_G_B2A,18.377574225902556,l2_norm,train,,task3_gan\Yuyao_Ding\outputs\task3_formal_20260927T075834Z_d335ae80\evaluation_20260927T130841Z_a267de\evaluation.json
task3_formal_20260927T075834Z_d335ae80,epoch_023,gradient_norm_D_A,8.595775457262993,l2_norm,train,,task3_gan\Yuyao_Ding\outputs\task3_formal_20260927T075834Z_d335ae80\evaluation_20260927T130841Z_a267de\evaluation.json
task3_formal_20260927T075834Z_d335ae80,epoch_023,gradient_norm_D_B,9.100834294438362,l2_norm,train,,task3_gan\Yuyao_Ding\outputs\task3_formal_20260927T075834Z_d335ae80\evaluation_20260927T130841Z_a267de\evaluation.json
task3_formal_20260927T075834Z_d335ae80,epoch_024,G_A2B_adversarial,0.4578153921216726,loss,train,,task3_gan\Yuyao_Ding\outputs\task3_formal_20260927T075834Z_d335ae80\evaluation_20260927T130841Z_a267de\evaluation.json
task3_formal_20260927T075834Z_d335ae80,epoch_024,G_B2A_adversarial,0.46176813636068254,loss,train,,task3_gan\Yuyao_Ding\outputs\task3_formal_20260927T075834Z_d335ae80\evaluation_20260927T130841Z_a267de\evaluation.json
task3_formal_20260927T075834Z_d335ae80,epoch_024,D_A,0.18417467295378448,loss,train,,task3_gan\Yuyao_Ding\outputs\task3_formal_20260927T075834Z_d335ae80\evaluation_20260927T130841Z_a267de\evaluation.json
task3_formal_20260927T075834Z_d335ae80,epoch_024,D_B,0.19025653708353638,loss,train,,task3_gan\Yuyao_Ding\outputs\task3_formal_20260927T075834Z_d335ae80\evaluation_20260927T130841Z_a267de\evaluation.json
task3_formal_20260927T075834Z_d335ae80,epoch_024,G_total,4.838096240997315,loss,train,,task3_gan\Yuyao_Ding\outputs\task3_formal_20260927T075834Z_d335ae80\evaluation_20260927T130841Z_a267de\evaluation.json
task3_formal_20260927T075834Z_d335ae80,epoch_024,cycle_A,0.12229807670786977,loss,train,,task3_gan\Yuyao_Ding\outputs\task3_formal_20260927T075834Z_d335ae80\evaluation_20260927T130841Z_a267de\evaluation.json
task3_formal_20260927T075834Z_d335ae80,epoch_024,cycle_B,0.1457964630164206,loss,train,,task3_gan\Yuyao_Ding\outputs\task3_formal_20260927T075834Z_d335ae80\evaluation_20260927T130841Z_a267de\evaluation.json
task3_formal_20260927T075834Z_d335ae80,epoch_024,identity_A,0.11927829550206662,loss,train,,task3_gan\Yuyao_Ding\outputs\task3_formal_20260927T075834Z_d335ae80\evaluation_20260927T130841Z_a267de\evaluation.json
task3_formal_20260927T075834Z_d335ae80,epoch_024,identity_B,0.12823516789451242,loss,train,,task3_gan\Yuyao_Ding\outputs\task3_formal_20260927T075834Z_d335ae80\evaluation_20260927T130841Z_a267de\evaluation.json
task3_formal_20260927T075834Z_d335ae80,epoch_024,gradient_norm_G_A2B,18.37339383983612,l2_norm,train,,task3_gan\Yuyao_Ding\outputs\task3_formal_20260927T075834Z_d335ae80\evaluation_20260927T130841Z_a267de\evaluation.json
task3_formal_20260927T075834Z_d335ae80,epoch_024,gradient_norm_G_B2A,17.80381085348129,l2_norm,train,,task3_gan\Yuyao_Ding\outputs\task3_formal_20260927T075834Z_d335ae80\evaluation_20260927T130841Z_a267de\evaluation.json
task3_formal_20260927T075834Z_d335ae80,epoch_024,gradient_norm_D_A,8.534305209636688,l2_norm,train,,task3_gan\Yuyao_Ding\outputs\task3_formal_20260927T075834Z_d335ae80\evaluation_20260927T130841Z_a267de\evaluation.json
task3_formal_20260927T075834Z_d335ae80,epoch_024,gradient_norm_D_B,8.655236923336982,l2_norm,train,,task3_gan\Yuyao_Ding\outputs\task3_formal_20260927T075834Z_d335ae80\evaluation_20260927T130841Z_a267de\evaluation.json
task3_formal_20260927T075834Z_d335ae80,epoch_025,G_A2B_adversarial,0.46240210280008615,loss,train,,task3_gan\Yuyao_Ding\outputs\task3_formal_20260927T075834Z_d335ae80\evaluation_20260927T130841Z_a267de\evaluation.json
task3_formal_20260927T075834Z_d335ae80,epoch_025,G_B2A_adversarial,0.46061105078738185,loss,train,,task3_gan\Yuyao_Ding\outputs\task3_formal_20260927T075834Z_d335ae80\evaluation_20260927T130841Z_a267de\evaluation.json
task3_formal_20260927T075834Z_d335ae80,epoch_025,D_A,0.18320727101899684,loss,train,,task3_gan\Yuyao_Ding\outputs\task3_formal_20260927T075834Z_d335ae80\evaluation_20260927T130841Z_a267de\evaluation.json
task3_formal_20260927T075834Z_d335ae80,epoch_025,D_B,0.18629273124411702,loss,train,,task3_gan\Yuyao_Ding\outputs\task3_formal_20260927T075834Z_d335ae80\evaluation_20260927T130841Z_a267de\evaluation.json
task3_formal_20260927T075834Z_d335ae80,epoch_025,G_total,4.854383340120315,loss,train,,task3_gan\Yuyao_Ding\outputs\task3_formal_20260927T075834Z_d335ae80\evaluation_20260927T130841Z_a267de\evaluation.json
task3_formal_20260927T075834Z_d335ae80,epoch_025,cycle_A,0.1239186140857637,loss,train,,task3_gan\Yuyao_Ding\outputs\task3_formal_20260927T075834Z_d335ae80\evaluation_20260927T130841Z_a267de\evaluation.json
task3_formal_20260927T075834Z_d335ae80,epoch_025,cycle_B,0.14498613092303275,loss,train,,task3_gan\Yuyao_Ding\outputs\task3_formal_20260927T075834Z_d335ae80\evaluation_20260927T130841Z_a267de\evaluation.json
task3_formal_20260927T075834Z_d335ae80,epoch_025,identity_A,0.12095845059677958,loss,train,,task3_gan\Yuyao_Ding\outputs\task3_formal_20260927T075834Z_d335ae80\evaluation_20260927T130841Z_a267de\evaluation.json
task3_formal_20260927T075834Z_d335ae80,epoch_025,identity_B,0.12750609352067113,loss,train,,task3_gan\Yuyao_Ding\outputs\task3_formal_20260927T075834Z_d335ae80\evaluation_20260927T130841Z_a267de\evaluation.json
task3_formal_20260927T075834Z_d335ae80,epoch_025,gradient_norm_G_A2B,18.25042282342911,l2_norm,train,,task3_gan\Yuyao_Ding\outputs\task3_formal_20260927T075834Z_d335ae80\evaluation_20260927T130841Z_a267de\evaluation.json
task3_formal_20260927T075834Z_d335ae80,epoch_025,gradient_norm_G_B2A,18.05712279653549,l2_norm,train,,task3_gan\Yuyao_Ding\outputs\task3_formal_20260927T075834Z_d335ae80\evaluation_20260927T130841Z_a267de\evaluation.json
task3_formal_20260927T075834Z_d335ae80,epoch_025,gradient_norm_D_A,8.337935606837272,l2_norm,train,,task3_gan\Yuyao_Ding\outputs\task3_formal_20260927T075834Z_d335ae80\evaluation_20260927T130841Z_a267de\evaluation.json
task3_formal_20260927T075834Z_d335ae80,epoch_025,gradient_norm_D_B,8.42566405415535,l2_norm,train,,task3_gan\Yuyao_Ding\outputs\task3_formal_20260927T075834Z_d335ae80\evaluation_20260927T130841Z_a267de\evaluation.json
task3_formal_20260927T075834Z_d335ae80,epoch_026,G_A2B_adversarial,0.4669037185050547,loss,train,,task3_gan\Yuyao_Ding\outputs\task3_formal_20260927T075834Z_d335ae80\evaluation_20260927T130841Z_a267de\evaluation.json
task3_formal_20260927T075834Z_d335ae80,epoch_026,G_B2A_adversarial,0.45886890646722167,loss,train,,task3_gan\Yuyao_Ding\outputs\task3_formal_20260927T075834Z_d335ae80\evaluation_20260927T130841Z_a267de\evaluation.json
task3_formal_20260927T075834Z_d335ae80,epoch_026,D_A,0.18537349686771631,loss,train,,task3_gan\Yuyao_Ding\outputs\task3_formal_20260927T075834Z_d335ae80\evaluation_20260927T130841Z_a267de\evaluation.json
task3_formal_20260927T075834Z_d335ae80,epoch_026,D_B,0.1840037046894431,loss,train,,task3_gan\Yuyao_Ding\outputs\task3_formal_20260927T075834Z_d335ae80\evaluation_20260927T130841Z_a267de\evaluation.json
task3_formal_20260927T075834Z_d335ae80,epoch_026,G_total,4.814042333364487,loss,train,,task3_gan\Yuyao_Ding\outputs\task3_formal_20260927T075834Z_d335ae80\evaluation_20260927T130841Z_a267de\evaluation.json
task3_formal_20260927T075834Z_d335ae80,epoch_026,cycle_A,0.12103657411783933,loss,train,,task3_gan\Yuyao_Ding\outputs\task3_formal_20260927T075834Z_d335ae80\evaluation_20260927T130841Z_a267de\evaluation.json
task3_formal_20260927T075834Z_d335ae80,epoch_026,cycle_B,0.14546919082850218,loss,train,,task3_gan\Yuyao_Ding\outputs\task3_formal_20260927T075834Z_d335ae80\evaluation_20260927T130841Z_a267de\evaluation.json
task3_formal_20260927T075834Z_d335ae80,epoch_026,identity_A,0.11681104331836105,loss,train,,task3_gan\Yuyao_Ding\outputs\task3_formal_20260927T075834Z_d335ae80\evaluation_20260927T130841Z_a267de\evaluation.json
task3_formal_20260927T075834Z_d335ae80,epoch_026,identity_B,0.1278313645757735,loss,train,,task3_gan\Yuyao_Ding\outputs\task3_formal_20260927T075834Z_d335ae80\evaluation_20260927T130841Z_a267de\evaluation.json
task3_formal_20260927T075834Z_d335ae80,epoch_026,gradient_norm_G_A2B,18.325514312267302,l2_norm,train,,task3_gan\Yuyao_Ding\outputs\task3_formal_20260927T075834Z_d335ae80\evaluation_20260927T130841Z_a267de\evaluation.json
task3_formal_20260927T075834Z_d335ae80,epoch_026,gradient_norm_G_B2A,17.905762728214263,l2_norm,train,,task3_gan\Yuyao_Ding\outputs\task3_formal_20260927T075834Z_d335ae80\evaluation_20260927T130841Z_a267de\evaluation.json
task3_formal_20260927T075834Z_d335ae80,epoch_026,gradient_norm_D_A,8.32841185259819,l2_norm,train,,task3_gan\Yuyao_Ding\outputs\task3_formal_20260927T075834Z_d335ae80\evaluation_20260927T130841Z_a267de\evaluation.json
task3_formal_20260927T075834Z_d335ae80,epoch_026,gradient_norm_D_B,8.319527081012726,l2_norm,train,,task3_gan\Yuyao_Ding\outputs\task3_formal_20260927T075834Z_d335ae80\evaluation_20260927T130841Z_a267de\evaluation.json
task3_formal_20260927T075834Z_d335ae80,epoch_027,G_A2B_adversarial,0.455551303666085,loss,train,,task3_gan\Yuyao_Ding\outputs\task3_formal_20260927T075834Z_d335ae80\evaluation_20260927T130841Z_a267de\evaluation.json
task3_formal_20260927T075834Z_d335ae80,epoch_027,G_B2A_adversarial,0.4532035470120609,loss,train,,task3_gan\Yuyao_Ding\outputs\task3_formal_20260927T075834Z_d335ae80\evaluation_20260927T130841Z_a267de\evaluation.json
task3_formal_20260927T075834Z_d335ae80,epoch_027,D_A,0.1803125231396407,loss,train,,task3_gan\Yuyao_Ding\outputs\task3_formal_20260927T075834Z_d335ae80\evaluation_20260927T130841Z_a267de\evaluation.json
task3_formal_20260927T075834Z_d335ae80,epoch_027,D_B,0.18885654392745346,loss,train,,task3_gan\Yuyao_Ding\outputs\task3_formal_20260927T075834Z_d335ae80\evaluation_20260927T130841Z_a267de\evaluation.json
task3_formal_20260927T075834Z_d335ae80,epoch_027,G_total,4.732181997537613,loss,train,,task3_gan\Yuyao_Ding\outputs\task3_formal_20260927T075834Z_d335ae80\evaluation_20260927T130841Z_a267de\evaluation.json
task3_formal_20260927T075834Z_d335ae80,epoch_027,cycle_A,0.12014166789129377,loss,train,,task3_gan\Yuyao_Ding\outputs\task3_formal_20260927T075834Z_d335ae80\evaluation_20260927T130841Z_a267de\evaluation.json
task3_formal_20260927T075834Z_d335ae80,epoch_027,cycle_B,0.14151530839130283,loss,train,,task3_gan\Yuyao_Ding\outputs\task3_formal_20260927T075834Z_d335ae80\evaluation_20260927T130841Z_a267de\evaluation.json
task3_formal_20260927T075834Z_d335ae80,epoch_027,identity_A,0.11613473470136523,loss,train,,task3_gan\Yuyao_Ding\outputs\task3_formal_20260927T075834Z_d335ae80\evaluation_20260927T130841Z_a267de\evaluation.json
task3_formal_20260927T075834Z_d335ae80,epoch_027,identity_B,0.12523674044385552,loss,train,,task3_gan\Yuyao_Ding\outputs\task3_formal_20260927T075834Z_d335ae80\evaluation_20260927T130841Z_a267de\evaluation.json
task3_formal_20260927T075834Z_d335ae80,epoch_027,gradient_norm_G_A2B,17.965156878471376,l2_norm,train,,task3_gan\Yuyao_Ding\outputs\task3_formal_20260927T075834Z_d335ae80\evaluation_20260927T130841Z_a267de\evaluation.json
task3_formal_20260927T075834Z_d335ae80,epoch_027,gradient_norm_G_B2A,17.764902339458466,l2_norm,train,,task3_gan\Yuyao_Ding\outputs\task3_formal_20260927T075834Z_d335ae80\evaluation_20260927T130841Z_a267de\evaluation.json
task3_formal_20260927T075834Z_d335ae80,epoch_027,gradient_norm_D_A,8.164306690216064,l2_norm,train,,task3_gan\Yuyao_Ding\outputs\task3_formal_20260927T075834Z_d335ae80\evaluation_20260927T130841Z_a267de\evaluation.json
task3_formal_20260927T075834Z_d335ae80,epoch_027,gradient_norm_D_B,8.381963413000106,l2_norm,train,,task3_gan\Yuyao_Ding\outputs\task3_formal_20260927T075834Z_d335ae80\evaluation_20260927T130841Z_a267de\evaluation.json
task3_formal_20260927T075834Z_d335ae80,epoch_028,G_A2B_adversarial,0.4695368811842054,loss,train,,task3_gan\Yuyao_Ding\outputs\task3_formal_20260927T075834Z_d335ae80\evaluation_20260927T130841Z_a267de\evaluation.json
task3_formal_20260927T075834Z_d335ae80,epoch_028,G_B2A_adversarial,0.46773731425218285,loss,train,,task3_gan\Yuyao_Ding\outputs\task3_formal_20260927T075834Z_d335ae80\evaluation_20260927T130841Z_a267de\evaluation.json
task3_formal_20260927T075834Z_d335ae80,epoch_028,D_A,0.17677072072774172,loss,train,,task3_gan\Yuyao_Ding\outputs\task3_formal_20260927T075834Z_d335ae80\evaluation_20260927T130841Z_a267de\evaluation.json
task3_formal_20260927T075834Z_d335ae80,epoch_028,D_B,0.1825539148375392,loss,train,,task3_gan\Yuyao_Ding\outputs\task3_formal_20260927T075834Z_d335ae80\evaluation_20260927T130841Z_a267de\evaluation.json
task3_formal_20260927T075834Z_d335ae80,epoch_028,G_total,4.728996490478516,loss,train,,task3_gan\Yuyao_Ding\outputs\task3_formal_20260927T075834Z_d335ae80\evaluation_20260927T130841Z_a267de\evaluation.json
task3_formal_20260927T075834Z_d335ae80,epoch_028,cycle_A,0.1171806320399046,loss,train,,task3_gan\Yuyao_Ding\outputs\task3_formal_20260927T075834Z_d335ae80\evaluation_20260927T130841Z_a267de\evaluation.json
task3_formal_20260927T075834Z_d335ae80,epoch_028,cycle_B,0.1430683200918138,loss,train,,task3_gan\Yuyao_Ding\outputs\task3_formal_20260927T075834Z_d335ae80\evaluation_20260927T130841Z_a267de\evaluation.json
task3_formal_20260927T075834Z_d335ae80,epoch_028,identity_A,0.11382852359488606,loss,train,,task3_gan\Yuyao_Ding\outputs\task3_formal_20260927T075834Z_d335ae80\evaluation_20260927T130841Z_a267de\evaluation.json
task3_formal_20260927T075834Z_d335ae80,epoch_028,identity_B,0.12401803014427423,loss,train,,task3_gan\Yuyao_Ding\outputs\task3_formal_20260927T075834Z_d335ae80\evaluation_20260927T130841Z_a267de\evaluation.json
task3_formal_20260927T075834Z_d335ae80,epoch_028,gradient_norm_G_A2B,17.874610567092894,l2_norm,train,,task3_gan\Yuyao_Ding\outputs\task3_formal_20260927T075834Z_d335ae80\evaluation_20260927T130841Z_a267de\evaluation.json
task3_formal_20260927T075834Z_d335ae80,epoch_028,gradient_norm_G_B2A,17.41693271636963,l2_norm,train,,task3_gan\Yuyao_Ding\outputs\task3_formal_20260927T075834Z_d335ae80\evaluation_20260927T130841Z_a267de\evaluation.json
task3_formal_20260927T075834Z_d335ae80,epoch_028,gradient_norm_D_A,7.959511637210846,l2_norm,train,,task3_gan\Yuyao_Ding\outputs\task3_formal_20260927T075834Z_d335ae80\evaluation_20260927T130841Z_a267de\evaluation.json
task3_formal_20260927T075834Z_d335ae80,epoch_028,gradient_norm_D_B,8.428042260885238,l2_norm,train,,task3_gan\Yuyao_Ding\outputs\task3_formal_20260927T075834Z_d335ae80\evaluation_20260927T130841Z_a267de\evaluation.json
task3_formal_20260927T075834Z_d335ae80,epoch_029,G_A2B_adversarial,0.46277487521991134,loss,train,,task3_gan\Yuyao_Ding\outputs\task3_formal_20260927T075834Z_d335ae80\evaluation_20260927T130841Z_a267de\evaluation.json
task3_formal_20260927T075834Z_d335ae80,epoch_029,G_B2A_adversarial,0.4590412849253043,loss,train,,task3_gan\Yuyao_Ding\outputs\task3_formal_20260927T075834Z_d335ae80\evaluation_20260927T130841Z_a267de\evaluation.json
task3_formal_20260927T075834Z_d335ae80,epoch_029,D_A,0.18025652141310275,loss,train,,task3_gan\Yuyao_Ding\outputs\task3_formal_20260927T075834Z_d335ae80\evaluation_20260927T130841Z_a267de\evaluation.json
task3_formal_20260927T075834Z_d335ae80,epoch_029,D_B,0.18519704552739857,loss,train,,task3_gan\Yuyao_Ding\outputs\task3_formal_20260927T075834Z_d335ae80\evaluation_20260927T130841Z_a267de\evaluation.json
task3_formal_20260927T075834Z_d335ae80,epoch_029,G_total,4.697787215471267,loss,train,,task3_gan\Yuyao_Ding\outputs\task3_formal_20260927T075834Z_d335ae80\evaluation_20260927T130841Z_a267de\evaluation.json
task3_formal_20260927T075834Z_d335ae80,epoch_029,cycle_A,0.11681815679743886,loss,train,,task3_gan\Yuyao_Ding\outputs\task3_formal_20260927T075834Z_d335ae80\evaluation_20260927T130841Z_a267de\evaluation.json
task3_formal_20260927T075834Z_d335ae80,epoch_029,cycle_B,0.1422260668464005,loss,train,,task3_gan\Yuyao_Ding\outputs\task3_formal_20260927T075834Z_d335ae80\evaluation_20260927T130841Z_a267de\evaluation.json
task3_formal_20260927T075834Z_d335ae80,epoch_029,identity_A,0.11362755470350384,loss,train,,task3_gan\Yuyao_Ding\outputs\task3_formal_20260927T075834Z_d335ae80\evaluation_20260927T130841Z_a267de\evaluation.json
task3_formal_20260927T075834Z_d335ae80,epoch_029,identity_B,0.12347820877283812,loss,train,,task3_gan\Yuyao_Ding\outputs\task3_formal_20260927T075834Z_d335ae80\evaluation_20260927T130841Z_a267de\evaluation.json
task3_formal_20260927T075834Z_d335ae80,epoch_029,gradient_norm_G_A2B,17.713464234828947,l2_norm,train,,task3_gan\Yuyao_Ding\outputs\task3_formal_20260927T075834Z_d335ae80\evaluation_20260927T130841Z_a267de\evaluation.json
task3_formal_20260927T075834Z_d335ae80,epoch_029,gradient_norm_G_B2A,17.709918406963347,l2_norm,train,,task3_gan\Yuyao_Ding\outputs\task3_formal_20260927T075834Z_d335ae80\evaluation_20260927T130841Z_a267de\evaluation.json
task3_formal_20260927T075834Z_d335ae80,epoch_029,gradient_norm_D_A,7.942606214880943,l2_norm,train,,task3_gan\Yuyao_Ding\outputs\task3_formal_20260927T075834Z_d335ae80\evaluation_20260927T130841Z_a267de\evaluation.json
task3_formal_20260927T075834Z_d335ae80,epoch_029,gradient_norm_D_B,8.063373840808868,l2_norm,train,,task3_gan\Yuyao_Ding\outputs\task3_formal_20260927T075834Z_d335ae80\evaluation_20260927T130841Z_a267de\evaluation.json
task3_formal_20260927T075834Z_d335ae80,epoch_030,G_A2B_adversarial,0.46912885654345154,loss,train,,task3_gan\Yuyao_Ding\outputs\task3_formal_20260927T075834Z_d335ae80\evaluation_20260927T130841Z_a267de\evaluation.json
task3_formal_20260927T075834Z_d335ae80,epoch_030,G_B2A_adversarial,0.47059022950939833,loss,train,,task3_gan\Yuyao_Ding\outputs\task3_formal_20260927T075834Z_d335ae80\evaluation_20260927T130841Z_a267de\evaluation.json
task3_formal_20260927T075834Z_d335ae80,epoch_030,D_A,0.1754277557693422,loss,train,,task3_gan\Yuyao_Ding\outputs\task3_formal_20260927T075834Z_d335ae80\evaluation_20260927T130841Z_a267de\evaluation.json
task3_formal_20260927T075834Z_d335ae80,epoch_030,D_B,0.1845916693583131,loss,train,,task3_gan\Yuyao_Ding\outputs\task3_formal_20260927T075834Z_d335ae80\evaluation_20260927T130841Z_a267de\evaluation.json
task3_formal_20260927T075834Z_d335ae80,epoch_030,G_total,4.620170575618744,loss,train,,task3_gan\Yuyao_Ding\outputs\task3_formal_20260927T075834Z_d335ae80\evaluation_20260927T130841Z_a267de\evaluation.json
task3_formal_20260927T075834Z_d335ae80,epoch_030,cycle_A,0.11339317755773663,loss,train,,task3_gan\Yuyao_Ding\outputs\task3_formal_20260927T075834Z_d335ae80\evaluation_20260927T130841Z_a267de\evaluation.json
task3_formal_20260927T075834Z_d335ae80,epoch_030,cycle_B,0.13855013590306042,loss,train,,task3_gan\Yuyao_Ding\outputs\task3_formal_20260927T075834Z_d335ae80\evaluation_20260927T130841Z_a267de\evaluation.json
task3_formal_20260927T075834Z_d335ae80,epoch_030,identity_A,0.11074791284650565,loss,train,,task3_gan\Yuyao_Ding\outputs\task3_formal_20260927T075834Z_d335ae80\evaluation_20260927T130841Z_a267de\evaluation.json
task3_formal_20260927T075834Z_d335ae80,epoch_030,identity_B,0.1214557555988431,loss,train,,task3_gan\Yuyao_Ding\outputs\task3_formal_20260927T075834Z_d335ae80\evaluation_20260927T130841Z_a267de\evaluation.json
task3_formal_20260927T075834Z_d335ae80,epoch_030,gradient_norm_G_A2B,17.357655514717102,l2_norm,train,,task3_gan\Yuyao_Ding\outputs\task3_formal_20260927T075834Z_d335ae80\evaluation_20260927T130841Z_a267de\evaluation.json
task3_formal_20260927T075834Z_d335ae80,epoch_030,gradient_norm_G_B2A,17.092951427459717,l2_norm,train,,task3_gan\Yuyao_Ding\outputs\task3_formal_20260927T075834Z_d335ae80\evaluation_20260927T130841Z_a267de\evaluation.json
task3_formal_20260927T075834Z_d335ae80,epoch_030,gradient_norm_D_A,7.904357521414757,l2_norm,train,,task3_gan\Yuyao_Ding\outputs\task3_formal_20260927T075834Z_d335ae80\evaluation_20260927T130841Z_a267de\evaluation.json
task3_formal_20260927T075834Z_d335ae80,epoch_030,gradient_norm_D_B,7.914082257628441,l2_norm,train,,task3_gan\Yuyao_Ding\outputs\task3_formal_20260927T075834Z_d335ae80\evaluation_20260927T130841Z_a267de\evaluation.json
task3_formal_20260927T075834Z_d335ae80,epoch_031,G_A2B_adversarial,0.4616868137475103,loss,train,,task3_gan\Yuyao_Ding\outputs\task3_formal_20260927T075834Z_d335ae80\evaluation_20260927T130841Z_a267de\evaluation.json
task3_formal_20260927T075834Z_d335ae80,epoch_031,G_B2A_adversarial,0.5096708994889632,loss,train,,task3_gan\Yuyao_Ding\outputs\task3_formal_20260927T075834Z_d335ae80\evaluation_20260927T130841Z_a267de\evaluation.json
task3_formal_20260927T075834Z_d335ae80,epoch_031,D_A,0.15867957343906164,loss,train,,task3_gan\Yuyao_Ding\outputs\task3_formal_20260927T075834Z_d335ae80\evaluation_20260927T130841Z_a267de\evaluation.json
task3_formal_20260927T075834Z_d335ae80,epoch_031,D_B,0.1825619455818087,loss,train,,task3_gan\Yuyao_Ding\outputs\task3_formal_20260927T075834Z_d335ae80\evaluation_20260927T130841Z_a267de\evaluation.json
task3_formal_20260927T075834Z_d335ae80,epoch_031,G_total,4.634950552463532,loss,train,,task3_gan\Yuyao_Ding\outputs\task3_formal_20260927T075834Z_d335ae80\evaluation_20260927T130841Z_a267de\evaluation.json
task3_formal_20260927T075834Z_d335ae80,epoch_031,cycle_A,0.1132733514457941,loss,train,,task3_gan\Yuyao_Ding\outputs\task3_formal_20260927T075834Z_d335ae80\evaluation_20260927T130841Z_a267de\evaluation.json
task3_formal_20260927T075834Z_d335ae80,epoch_031,cycle_B,0.13818528639525174,loss,train,,task3_gan\Yuyao_Ding\outputs\task3_formal_20260927T075834Z_d335ae80\evaluation_20260927T130841Z_a267de\evaluation.json
task3_formal_20260927T075834Z_d335ae80,epoch_031,identity_A,0.1100394716002047,loss,train,,task3_gan\Yuyao_Ding\outputs\task3_formal_20260927T075834Z_d335ae80\evaluation_20260927T130841Z_a267de\evaluation.json
task3_formal_20260927T075834Z_d335ae80,epoch_031,identity_B,0.11976181733980774,loss,train,,task3_gan\Yuyao_Ding\outputs\task3_formal_20260927T075834Z_d335ae80\evaluation_20260927T130841Z_a267de\evaluation.json
task3_formal_20260927T075834Z_d335ae80,epoch_031,gradient_norm_G_A2B,17.425907966136933,l2_norm,train,,task3_gan\Yuyao_Ding\outputs\task3_formal_20260927T075834Z_d335ae80\evaluation_20260927T130841Z_a267de\evaluation.json
task3_formal_20260927T075834Z_d335ae80,epoch_031,gradient_norm_G_B2A,17.268552138328552,l2_norm,train,,task3_gan\Yuyao_Ding\outputs\task3_formal_20260927T075834Z_d335ae80\evaluation_20260927T130841Z_a267de\evaluation.json
task3_formal_20260927T075834Z_d335ae80,epoch_031,gradient_norm_D_A,7.890228963255883,l2_norm,train,,task3_gan\Yuyao_Ding\outputs\task3_formal_20260927T075834Z_d335ae80\evaluation_20260927T130841Z_a267de\evaluation.json
task3_formal_20260927T075834Z_d335ae80,epoch_031,gradient_norm_D_B,7.956346077680588,l2_norm,train,,task3_gan\Yuyao_Ding\outputs\task3_formal_20260927T075834Z_d335ae80\evaluation_20260927T130841Z_a267de\evaluation.json
task3_formal_20260927T075834Z_d335ae80,epoch_032,G_A2B_adversarial,0.4655698172673583,loss,train,,task3_gan\Yuyao_Ding\outputs\task3_formal_20260927T075834Z_d335ae80\evaluation_20260927T130841Z_a267de\evaluation.json
task3_formal_20260927T075834Z_d335ae80,epoch_032,G_B2A_adversarial,0.5033036404233426,loss,train,,task3_gan\Yuyao_Ding\outputs\task3_formal_20260927T075834Z_d335ae80\evaluation_20260927T130841Z_a267de\evaluation.json
task3_formal_20260927T075834Z_d335ae80,epoch_032,D_A,0.14833775096945465,loss,train,,task3_gan\Yuyao_Ding\outputs\task3_formal_20260927T075834Z_d335ae80\evaluation_20260927T130841Z_a267de\evaluation.json
task3_formal_20260927T075834Z_d335ae80,epoch_032,D_B,0.18170216552726925,loss,train,,task3_gan\Yuyao_Ding\outputs\task3_formal_20260927T075834Z_d335ae80\evaluation_20260927T130841Z_a267de\evaluation.json
task3_formal_20260927T075834Z_d335ae80,epoch_032,G_total,4.646749897718429,loss,train,,task3_gan\Yuyao_Ding\outputs\task3_formal_20260927T075834Z_d335ae80\evaluation_20260927T130841Z_a267de\evaluation.json
task3_formal_20260927T075834Z_d335ae80,epoch_032,cycle_A,0.11346202910318971,loss,train,,task3_gan\Yuyao_Ding\outputs\task3_formal_20260927T075834Z_d335ae80\evaluation_20260927T130841Z_a267de\evaluation.json
task3_formal_20260927T075834Z_d335ae80,epoch_032,cycle_B,0.13925674752891062,loss,train,,task3_gan\Yuyao_Ding\outputs\task3_formal_20260927T075834Z_d335ae80\evaluation_20260927T130841Z_a267de\evaluation.json
task3_formal_20260927T075834Z_d335ae80,epoch_032,identity_A,0.11107926457747817,loss,train,,task3_gan\Yuyao_Ding\outputs\task3_formal_20260927T075834Z_d335ae80\evaluation_20260927T130841Z_a267de\evaluation.json
task3_formal_20260927T075834Z_d335ae80,epoch_032,identity_B,0.11905846746638417,loss,train,,task3_gan\Yuyao_Ding\outputs\task3_formal_20260927T075834Z_d335ae80\evaluation_20260927T130841Z_a267de\evaluation.json
task3_formal_20260927T075834Z_d335ae80,epoch_032,gradient_norm_G_A2B,17.35035291624069,l2_norm,train,,task3_gan\Yuyao_Ding\outputs\task3_formal_20260927T075834Z_d335ae80\evaluation_20260927T130841Z_a267de\evaluation.json
task3_formal_20260927T075834Z_d335ae80,epoch_032,gradient_norm_G_B2A,17.713615564346313,l2_norm,train,,task3_gan\Yuyao_Ding\outputs\task3_formal_20260927T075834Z_d335ae80\evaluation_20260927T130841Z_a267de\evaluation.json
task3_formal_20260927T075834Z_d335ae80,epoch_032,gradient_norm_D_A,7.669619138002395,l2_norm,train,,task3_gan\Yuyao_Ding\outputs\task3_formal_20260927T075834Z_d335ae80\evaluation_20260927T130841Z_a267de\evaluation.json
task3_formal_20260927T075834Z_d335ae80,epoch_032,gradient_norm_D_B,7.682215816736221,l2_norm,train,,task3_gan\Yuyao_Ding\outputs\task3_formal_20260927T075834Z_d335ae80\evaluation_20260927T130841Z_a267de\evaluation.json
task3_formal_20260927T075834Z_d335ae80,epoch_033,G_A2B_adversarial,0.4566460998095572,loss,train,,task3_gan\Yuyao_Ding\outputs\task3_formal_20260927T075834Z_d335ae80\evaluation_20260927T130841Z_a267de\evaluation.json
task3_formal_20260927T075834Z_d335ae80,epoch_033,G_B2A_adversarial,0.5113118151538074,loss,train,,task3_gan\Yuyao_Ding\outputs\task3_formal_20260927T075834Z_d335ae80\evaluation_20260927T130841Z_a267de\evaluation.json
task3_formal_20260927T075834Z_d335ae80,epoch_033,D_A,0.14321927922964095,loss,train,,task3_gan\Yuyao_Ding\outputs\task3_formal_20260927T075834Z_d335ae80\evaluation_20260927T130841Z_a267de\evaluation.json
task3_formal_20260927T075834Z_d335ae80,epoch_033,D_B,0.1881984491199255,loss,train,,task3_gan\Yuyao_Ding\outputs\task3_formal_20260927T075834Z_d335ae80\evaluation_20260927T130841Z_a267de\evaluation.json
task3_formal_20260927T075834Z_d335ae80,epoch_033,G_total,4.628113239049911,loss,train,,task3_gan\Yuyao_Ding\outputs\task3_formal_20260927T075834Z_d335ae80\evaluation_20260927T130841Z_a267de\evaluation.json
task3_formal_20260927T075834Z_d335ae80,epoch_033,cycle_A,0.11150191375240684,loss,train,,task3_gan\Yuyao_Ding\outputs\task3_formal_20260927T075834Z_d335ae80\evaluation_20260927T130841Z_a267de\evaluation.json
task3_formal_20260927T075834Z_d335ae80,epoch_033,cycle_B,0.13926440535113216,loss,train,,task3_gan\Yuyao_Ding\outputs\task3_formal_20260927T075834Z_d335ae80\evaluation_20260927T130841Z_a267de\evaluation.json
task3_formal_20260927T075834Z_d335ae80,epoch_033,identity_A,0.10958690582960844,loss,train,,task3_gan\Yuyao_Ding\outputs\task3_formal_20260927T075834Z_d335ae80\evaluation_20260927T130841Z_a267de\evaluation.json
task3_formal_20260927T075834Z_d335ae80,epoch_033,identity_B,0.12091151923686266,loss,train,,task3_gan\Yuyao_Ding\outputs\task3_formal_20260927T075834Z_d335ae80\evaluation_20260927T130841Z_a267de\evaluation.json
task3_formal_20260927T075834Z_d335ae80,epoch_033,gradient_norm_G_A2B,17.162548861026764,l2_norm,train,,task3_gan\Yuyao_Ding\outputs\task3_formal_20260927T075834Z_d335ae80\evaluation_20260927T130841Z_a267de\evaluation.json
task3_formal_20260927T075834Z_d335ae80,epoch_033,gradient_norm_G_B2A,17.163472224712372,l2_norm,train,,task3_gan\Yuyao_Ding\outputs\task3_formal_20260927T075834Z_d335ae80\evaluation_20260927T130841Z_a267de\evaluation.json
task3_formal_20260927T075834Z_d335ae80,epoch_033,gradient_norm_D_A,7.82380634868145,l2_norm,train,,task3_gan\Yuyao_Ding\outputs\task3_formal_20260927T075834Z_d335ae80\evaluation_20260927T130841Z_a267de\evaluation.json
task3_formal_20260927T075834Z_d335ae80,epoch_033,gradient_norm_D_B,7.747318915367126,l2_norm,train,,task3_gan\Yuyao_Ding\outputs\task3_formal_20260927T075834Z_d335ae80\evaluation_20260927T130841Z_a267de\evaluation.json
task3_formal_20260927T075834Z_d335ae80,epoch_034,G_A2B_adversarial,0.4590831327177584,loss,train,,task3_gan\Yuyao_Ding\outputs\task3_formal_20260927T075834Z_d335ae80\evaluation_20260927T130841Z_a267de\evaluation.json
task3_formal_20260927T075834Z_d335ae80,epoch_034,G_B2A_adversarial,0.5419322306625545,loss,train,,task3_gan\Yuyao_Ding\outputs\task3_formal_20260927T075834Z_d335ae80\evaluation_20260927T130841Z_a267de\evaluation.json
task3_formal_20260927T075834Z_d335ae80,epoch_034,D_A,0.14135328293964267,loss,train,,task3_gan\Yuyao_Ding\outputs\task3_formal_20260927T075834Z_d335ae80\evaluation_20260927T130841Z_a267de\evaluation.json
task3_formal_20260927T075834Z_d335ae80,epoch_034,D_B,0.1833549843719229,loss,train,,task3_gan\Yuyao_Ding\outputs\task3_formal_20260927T075834Z_d335ae80\evaluation_20260927T130841Z_a267de\evaluation.json
task3_formal_20260927T075834Z_d335ae80,epoch_034,G_total,4.634219891548157,loss,train,,task3_gan\Yuyao_Ding\outputs\task3_formal_20260927T075834Z_d335ae80\evaluation_20260927T130841Z_a267de\evaluation.json
task3_formal_20260927T075834Z_d335ae80,epoch_034,cycle_A,0.11094003069773316,loss,train,,task3_gan\Yuyao_Ding\outputs\task3_formal_20260927T075834Z_d335ae80\evaluation_20260927T130841Z_a267de\evaluation.json
task3_formal_20260927T075834Z_d335ae80,epoch_034,cycle_B,0.13808736134320498,loss,train,,task3_gan\Yuyao_Ding\outputs\task3_formal_20260927T075834Z_d335ae80\evaluation_20260927T130841Z_a267de\evaluation.json
task3_formal_20260927T075834Z_d335ae80,epoch_034,identity_A,0.10944478168338537,loss,train,,task3_gan\Yuyao_Ding\outputs\task3_formal_20260927T075834Z_d335ae80\evaluation_20260927T130841Z_a267de\evaluation.json
task3_formal_20260927T075834Z_d335ae80,epoch_034,identity_B,0.11914133711531759,loss,train,,task3_gan\Yuyao_Ding\outputs\task3_formal_20260927T075834Z_d335ae80\evaluation_20260927T130841Z_a267de\evaluation.json
task3_formal_20260927T075834Z_d335ae80,epoch_034,gradient_norm_G_A2B,17.16752436494827,l2_norm,train,,task3_gan\Yuyao_Ding\outputs\task3_formal_20260927T075834Z_d335ae80\evaluation_20260927T130841Z_a267de\evaluation.json
task3_formal_20260927T075834Z_d335ae80,epoch_034,gradient_norm_G_B2A,17.150687819480897,l2_norm,train,,task3_gan\Yuyao_Ding\outputs\task3_formal_20260927T075834Z_d335ae80\evaluation_20260927T130841Z_a267de\evaluation.json
task3_formal_20260927T075834Z_d335ae80,epoch_034,gradient_norm_D_A,7.614735209465027,l2_norm,train,,task3_gan\Yuyao_Ding\outputs\task3_formal_20260927T075834Z_d335ae80\evaluation_20260927T130841Z_a267de\evaluation.json
task3_formal_20260927T075834Z_d335ae80,epoch_034,gradient_norm_D_B,7.396785030841827,l2_norm,train,,task3_gan\Yuyao_Ding\outputs\task3_formal_20260927T075834Z_d335ae80\evaluation_20260927T130841Z_a267de\evaluation.json
task3_formal_20260927T075834Z_d335ae80,epoch_035,G_A2B_adversarial,0.46456170913204553,loss,train,,task3_gan\Yuyao_Ding\outputs\task3_formal_20260927T075834Z_d335ae80\evaluation_20260927T130841Z_a267de\evaluation.json
task3_formal_20260927T075834Z_d335ae80,epoch_035,G_B2A_adversarial,0.5561451672352851,loss,train,,task3_gan\Yuyao_Ding\outputs\task3_formal_20260927T075834Z_d335ae80\evaluation_20260927T130841Z_a267de\evaluation.json
task3_formal_20260927T075834Z_d335ae80,epoch_035,D_A,0.13887365441583097,loss,train,,task3_gan\Yuyao_Ding\outputs\task3_formal_20260927T075834Z_d335ae80\evaluation_20260927T130841Z_a267de\evaluation.json
task3_formal_20260927T075834Z_d335ae80,epoch_035,D_B,0.18422077550180257,loss,train,,task3_gan\Yuyao_Ding\outputs\task3_formal_20260927T075834Z_d335ae80\evaluation_20260927T130841Z_a267de\evaluation.json
task3_formal_20260927T075834Z_d335ae80,epoch_035,G_total,4.594055047750473,loss,train,,task3_gan\Yuyao_Ding\outputs\task3_formal_20260927T075834Z_d335ae80\evaluation_20260927T130841Z_a267de\evaluation.json
task3_formal_20260927T075834Z_d335ae80,epoch_035,cycle_A,0.10975644688680768,loss,train,,task3_gan\Yuyao_Ding\outputs\task3_formal_20260927T075834Z_d335ae80\evaluation_20260927T130841Z_a267de\evaluation.json
task3_formal_20260927T075834Z_d335ae80,epoch_035,cycle_B,0.13482228831201792,loss,train,,task3_gan\Yuyao_Ding\outputs\task3_formal_20260927T075834Z_d335ae80\evaluation_20260927T130841Z_a267de\evaluation.json
task3_formal_20260927T075834Z_d335ae80,epoch_035,identity_A,0.10844990241527558,loss,train,,task3_gan\Yuyao_Ding\outputs\task3_formal_20260927T075834Z_d335ae80\evaluation_20260927T130841Z_a267de\evaluation.json
task3_formal_20260927T075834Z_d335ae80,epoch_035,identity_B,0.11706226195767522,loss,train,,task3_gan\Yuyao_Ding\outputs\task3_formal_20260927T075834Z_d335ae80\evaluation_20260927T130841Z_a267de\evaluation.json
task3_formal_20260927T075834Z_d335ae80,epoch_035,gradient_norm_G_A2B,16.86851171064377,l2_norm,train,,task3_gan\Yuyao_Ding\outputs\task3_formal_20260927T075834Z_d335ae80\evaluation_20260927T130841Z_a267de\evaluation.json
task3_formal_20260927T075834Z_d335ae80,epoch_035,gradient_norm_G_B2A,16.79442326784134,l2_norm,train,,task3_gan\Yuyao_Ding\outputs\task3_formal_20260927T075834Z_d335ae80\evaluation_20260927T130841Z_a267de\evaluation.json
task3_formal_20260927T075834Z_d335ae80,epoch_035,gradient_norm_D_A,7.244215802788735,l2_norm,train,,task3_gan\Yuyao_Ding\outputs\task3_formal_20260927T075834Z_d335ae80\evaluation_20260927T130841Z_a267de\evaluation.json
task3_formal_20260927T075834Z_d335ae80,epoch_035,gradient_norm_D_B,7.538382911682129,l2_norm,train,,task3_gan\Yuyao_Ding\outputs\task3_formal_20260927T075834Z_d335ae80\evaluation_20260927T130841Z_a267de\evaluation.json
task3_formal_20260927T075834Z_d335ae80,epoch_036,G_A2B_adversarial,0.4702278550192714,loss,train,,task3_gan\Yuyao_Ding\outputs\task3_formal_20260927T075834Z_d335ae80\evaluation_20260927T130841Z_a267de\evaluation.json
task3_formal_20260927T075834Z_d335ae80,epoch_036,G_B2A_adversarial,0.5523303152807056,loss,train,,task3_gan\Yuyao_Ding\outputs\task3_formal_20260927T075834Z_d335ae80\evaluation_20260927T130841Z_a267de\evaluation.json
task3_formal_20260927T075834Z_d335ae80,epoch_036,D_A,0.1422849017996341,loss,train,,task3_gan\Yuyao_Ding\outputs\task3_formal_20260927T075834Z_d335ae80\evaluation_20260927T130841Z_a267de\evaluation.json
task3_formal_20260927T075834Z_d335ae80,epoch_036,D_B,0.18264561428595336,loss,train,,task3_gan\Yuyao_Ding\outputs\task3_formal_20260927T075834Z_d335ae80\evaluation_20260927T130841Z_a267de\evaluation.json
task3_formal_20260927T075834Z_d335ae80,epoch_036,G_total,4.542659947872162,loss,train,,task3_gan\Yuyao_Ding\outputs\task3_formal_20260927T075834Z_d335ae80\evaluation_20260927T130841Z_a267de\evaluation.json
task3_formal_20260927T075834Z_d335ae80,epoch_036,cycle_A,0.10780417598038912,loss,train,,task3_gan\Yuyao_Ding\outputs\task3_formal_20260927T075834Z_d335ae80\evaluation_20260927T130841Z_a267de\evaluation.json
task3_formal_20260927T075834Z_d335ae80,epoch_036,cycle_B,0.13329272803664208,loss,train,,task3_gan\Yuyao_Ding\outputs\task3_formal_20260927T075834Z_d335ae80\evaluation_20260927T130841Z_a267de\evaluation.json
task3_formal_20260927T075834Z_d335ae80,epoch_036,identity_A,0.10631137250363827,loss,train,,task3_gan\Yuyao_Ding\outputs\task3_formal_20260927T075834Z_d335ae80\evaluation_20260927T130841Z_a267de\evaluation.json
task3_formal_20260927T075834Z_d335ae80,epoch_036,identity_B,0.11551517368853093,loss,train,,task3_gan\Yuyao_Ding\outputs\task3_formal_20260927T075834Z_d335ae80\evaluation_20260927T130841Z_a267de\evaluation.json
task3_formal_20260927T075834Z_d335ae80,epoch_036,gradient_norm_G_A2B,16.736642677783966,l2_norm,train,,task3_gan\Yuyao_Ding\outputs\task3_formal_20260927T075834Z_d335ae80\evaluation_20260927T130841Z_a267de\evaluation.json
task3_formal_20260927T075834Z_d335ae80,epoch_036,gradient_norm_G_B2A,16.935167963027954,l2_norm,train,,task3_gan\Yuyao_Ding\outputs\task3_formal_20260927T075834Z_d335ae80\evaluation_20260927T130841Z_a267de\evaluation.json
task3_formal_20260927T075834Z_d335ae80,epoch_036,gradient_norm_D_A,6.996101371288299,l2_norm,train,,task3_gan\Yuyao_Ding\outputs\task3_formal_20260927T075834Z_d335ae80\evaluation_20260927T130841Z_a267de\evaluation.json
task3_formal_20260927T075834Z_d335ae80,epoch_036,gradient_norm_D_B,7.3294974031448366,l2_norm,train,,task3_gan\Yuyao_Ding\outputs\task3_formal_20260927T075834Z_d335ae80\evaluation_20260927T130841Z_a267de\evaluation.json
task3_formal_20260927T075834Z_d335ae80,epoch_037,G_A2B_adversarial,0.45797796760499476,loss,train,,task3_gan\Yuyao_Ding\outputs\task3_formal_20260927T075834Z_d335ae80\evaluation_20260927T130841Z_a267de\evaluation.json
task3_formal_20260927T075834Z_d335ae80,epoch_037,G_B2A_adversarial,0.5162466521002352,loss,train,,task3_gan\Yuyao_Ding\outputs\task3_formal_20260927T075834Z_d335ae80\evaluation_20260927T130841Z_a267de\evaluation.json
task3_formal_20260927T075834Z_d335ae80,epoch_037,D_A,0.15546602658741177,loss,train,,task3_gan\Yuyao_Ding\outputs\task3_formal_20260927T075834Z_d335ae80\evaluation_20260927T130841Z_a267de\evaluation.json
task3_formal_20260927T075834Z_d335ae80,epoch_037,D_B,0.18157775468192994,loss,train,,task3_gan\Yuyao_Ding\outputs\task3_formal_20260927T075834Z_d335ae80\evaluation_20260927T130841Z_a267de\evaluation.json
task3_formal_20260927T075834Z_d335ae80,epoch_037,G_total,4.518284556627274,loss,train,,task3_gan\Yuyao_Ding\outputs\task3_formal_20260927T075834Z_d335ae80\evaluation_20260927T130841Z_a267de\evaluation.json
task3_formal_20260927T075834Z_d335ae80,epoch_037,cycle_A,0.10749299696087837,loss,train,,task3_gan\Yuyao_Ding\outputs\task3_formal_20260927T075834Z_d335ae80\evaluation_20260927T130841Z_a267de\evaluation.json
task3_formal_20260927T075834Z_d335ae80,epoch_037,cycle_B,0.13563255345448852,loss,train,,task3_gan\Yuyao_Ding\outputs\task3_formal_20260927T075834Z_d335ae80\evaluation_20260927T130841Z_a267de\evaluation.json
task3_formal_20260927T075834Z_d335ae80,epoch_037,identity_A,0.10574097098782659,loss,train,,task3_gan\Yuyao_Ding\outputs\task3_formal_20260927T075834Z_d335ae80\evaluation_20260927T130841Z_a267de\evaluation.json
task3_formal_20260927T075834Z_d335ae80,epoch_037,identity_B,0.11681991358846426,loss,train,,task3_gan\Yuyao_Ding\outputs\task3_formal_20260927T075834Z_d335ae80\evaluation_20260927T130841Z_a267de\evaluation.json
task3_formal_20260927T075834Z_d335ae80,epoch_037,gradient_norm_G_A2B,16.795304391860963,l2_norm,train,,task3_gan\Yuyao_Ding\outputs\task3_formal_20260927T075834Z_d335ae80\evaluation_20260927T130841Z_a267de\evaluation.json
task3_formal_20260927T075834Z_d335ae80,epoch_037,gradient_norm_G_B2A,17.082186224460603,l2_norm,train,,task3_gan\Yuyao_Ding\outputs\task3_formal_20260927T075834Z_d335ae80\evaluation_20260927T130841Z_a267de\evaluation.json
task3_formal_20260927T075834Z_d335ae80,epoch_037,gradient_norm_D_A,7.4766638351678845,l2_norm,train,,task3_gan\Yuyao_Ding\outputs\task3_formal_20260927T075834Z_d335ae80\evaluation_20260927T130841Z_a267de\evaluation.json
task3_formal_20260927T075834Z_d335ae80,epoch_037,gradient_norm_D_B,7.26406227338314,l2_norm,train,,task3_gan\Yuyao_Ding\outputs\task3_formal_20260927T075834Z_d335ae80\evaluation_20260927T130841Z_a267de\evaluation.json
task3_formal_20260927T075834Z_d335ae80,epoch_038,G_A2B_adversarial,0.46252848519477996,loss,train,,task3_gan\Yuyao_Ding\outputs\task3_formal_20260927T075834Z_d335ae80\evaluation_20260927T130841Z_a267de\evaluation.json
task3_formal_20260927T075834Z_d335ae80,epoch_038,G_B2A_adversarial,0.5314938944838941,loss,train,,task3_gan\Yuyao_Ding\outputs\task3_formal_20260927T075834Z_d335ae80\evaluation_20260927T130841Z_a267de\evaluation.json
task3_formal_20260927T075834Z_d335ae80,epoch_038,D_A,0.1539208044875413,loss,train,,task3_gan\Yuyao_Ding\outputs\task3_formal_20260927T075834Z_d335ae80\evaluation_20260927T130841Z_a267de\evaluation.json
task3_formal_20260927T075834Z_d335ae80,epoch_038,D_B,0.17796594451740383,loss,train,,task3_gan\Yuyao_Ding\outputs\task3_formal_20260927T075834Z_d335ae80\evaluation_20260927T130841Z_a267de\evaluation.json
task3_formal_20260927T075834Z_d335ae80,epoch_038,G_total,4.542298588514328,loss,train,,task3_gan\Yuyao_Ding\outputs\task3_formal_20260927T075834Z_d335ae80\evaluation_20260927T130841Z_a267de\evaluation.json
task3_formal_20260927T075834Z_d335ae80,epoch_038,cycle_A,0.10606065872311592,loss,train,,task3_gan\Yuyao_Ding\outputs\task3_formal_20260927T075834Z_d335ae80\evaluation_20260927T130841Z_a267de\evaluation.json
task3_formal_20260927T075834Z_d335ae80,epoch_038,cycle_B,0.13751245461031794,loss,train,,task3_gan\Yuyao_Ding\outputs\task3_formal_20260927T075834Z_d335ae80\evaluation_20260927T130841Z_a267de\evaluation.json
task3_formal_20260927T075834Z_d335ae80,epoch_038,identity_A,0.10413619409874082,loss,train,,task3_gan\Yuyao_Ding\outputs\task3_formal_20260927T075834Z_d335ae80\evaluation_20260927T130841Z_a267de\evaluation.json
task3_formal_20260927T075834Z_d335ae80,epoch_038,identity_B,0.11837281798571349,loss,train,,task3_gan\Yuyao_Ding\outputs\task3_formal_20260927T075834Z_d335ae80\evaluation_20260927T130841Z_a267de\evaluation.json
task3_formal_20260927T075834Z_d335ae80,epoch_038,gradient_norm_G_A2B,16.795950287342073,l2_norm,train,,task3_gan\Yuyao_Ding\outputs\task3_formal_20260927T075834Z_d335ae80\evaluation_20260927T130841Z_a267de\evaluation.json
task3_formal_20260927T075834Z_d335ae80,epoch_038,gradient_norm_G_B2A,17.475372433662415,l2_norm,train,,task3_gan\Yuyao_Ding\outputs\task3_formal_20260927T075834Z_d335ae80\evaluation_20260927T130841Z_a267de\evaluation.json
task3_formal_20260927T075834Z_d335ae80,epoch_038,gradient_norm_D_A,7.203972633361817,l2_norm,train,,task3_gan\Yuyao_Ding\outputs\task3_formal_20260927T075834Z_d335ae80\evaluation_20260927T130841Z_a267de\evaluation.json
task3_formal_20260927T075834Z_d335ae80,epoch_038,gradient_norm_D_B,7.040781378984451,l2_norm,train,,task3_gan\Yuyao_Ding\outputs\task3_formal_20260927T075834Z_d335ae80\evaluation_20260927T130841Z_a267de\evaluation.json
task3_formal_20260927T075834Z_d335ae80,epoch_039,G_A2B_adversarial,0.4694265215471387,loss,train,,task3_gan\Yuyao_Ding\outputs\task3_formal_20260927T075834Z_d335ae80\evaluation_20260927T130841Z_a267de\evaluation.json
task3_formal_20260927T075834Z_d335ae80,epoch_039,G_B2A_adversarial,0.4951432453840971,loss,train,,task3_gan\Yuyao_Ding\outputs\task3_formal_20260927T075834Z_d335ae80\evaluation_20260927T130841Z_a267de\evaluation.json
task3_formal_20260927T075834Z_d335ae80,epoch_039,D_A,0.16102978128567338,loss,train,,task3_gan\Yuyao_Ding\outputs\task3_formal_20260927T075834Z_d335ae80\evaluation_20260927T130841Z_a267de\evaluation.json
task3_formal_20260927T075834Z_d335ae80,epoch_039,D_B,0.18063616367056967,loss,train,,task3_gan\Yuyao_Ding\outputs\task3_formal_20260927T075834Z_d335ae80\evaluation_20260927T130841Z_a267de\evaluation.json
task3_formal_20260927T075834Z_d335ae80,epoch_039,G_total,4.434755630016327,loss,train,,task3_gan\Yuyao_Ding\outputs\task3_formal_20260927T075834Z_d335ae80\evaluation_20260927T130841Z_a267de\evaluation.json
task3_formal_20260927T075834Z_d335ae80,epoch_039,cycle_A,0.10429122784361243,loss,train,,task3_gan\Yuyao_Ding\outputs\task3_formal_20260927T075834Z_d335ae80\evaluation_20260927T130841Z_a267de\evaluation.json
task3_formal_20260927T075834Z_d335ae80,epoch_039,cycle_B,0.13369548851251603,loss,train,,task3_gan\Yuyao_Ding\outputs\task3_formal_20260927T075834Z_d335ae80\evaluation_20260927T130841Z_a267de\evaluation.json
task3_formal_20260927T075834Z_d335ae80,epoch_039,identity_A,0.10179079677537084,loss,train,,task3_gan\Yuyao_Ding\outputs\task3_formal_20260927T075834Z_d335ae80\evaluation_20260927T130841Z_a267de\evaluation.json
task3_formal_20260927T075834Z_d335ae80,epoch_039,identity_B,0.11627294240146875,loss,train,,task3_gan\Yuyao_Ding\outputs\task3_formal_20260927T075834Z_d335ae80\evaluation_20260927T130841Z_a267de\evaluation.json
task3_formal_20260927T075834Z_d335ae80,epoch_039,gradient_norm_G_A2B,16.601835564613342,l2_norm,train,,task3_gan\Yuyao_Ding\outputs\task3_formal_20260927T075834Z_d335ae80\evaluation_20260927T130841Z_a267de\evaluation.json
task3_formal_20260927T075834Z_d335ae80,epoch_039,gradient_norm_G_B2A,17.143098508358,l2_norm,train,,task3_gan\Yuyao_Ding\outputs\task3_formal_20260927T075834Z_d335ae80\evaluation_20260927T130841Z_a267de\evaluation.json
task3_formal_20260927T075834Z_d335ae80,epoch_039,gradient_norm_D_A,7.373037540078164,l2_norm,train,,task3_gan\Yuyao_Ding\outputs\task3_formal_20260927T075834Z_d335ae80\evaluation_20260927T130841Z_a267de\evaluation.json
task3_formal_20260927T075834Z_d335ae80,epoch_039,gradient_norm_D_B,7.067605667710304,l2_norm,train,,task3_gan\Yuyao_Ding\outputs\task3_formal_20260927T075834Z_d335ae80\evaluation_20260927T130841Z_a267de\evaluation.json
task3_formal_20260927T075834Z_d335ae80,epoch_040,G_A2B_adversarial,0.4629567343480885,loss,train,,task3_gan\Yuyao_Ding\outputs\task3_formal_20260927T075834Z_d335ae80\evaluation_20260927T130841Z_a267de\evaluation.json
task3_formal_20260927T075834Z_d335ae80,epoch_040,G_B2A_adversarial,0.46772014697827397,loss,train,,task3_gan\Yuyao_Ding\outputs\task3_formal_20260927T075834Z_d335ae80\evaluation_20260927T130841Z_a267de\evaluation.json
task3_formal_20260927T075834Z_d335ae80,epoch_040,D_A,0.17398770350404083,loss,train,,task3_gan\Yuyao_Ding\outputs\task3_formal_20260927T075834Z_d335ae80\evaluation_20260927T130841Z_a267de\evaluation.json
task3_formal_20260927T075834Z_d335ae80,epoch_040,D_B,0.179891018262133,loss,train,,task3_gan\Yuyao_Ding\outputs\task3_formal_20260927T075834Z_d335ae80\evaluation_20260927T130841Z_a267de\evaluation.json
task3_formal_20260927T075834Z_d335ae80,epoch_040,G_total,4.452443740129471,loss,train,,task3_gan\Yuyao_Ding\outputs\task3_formal_20260927T075834Z_d335ae80\evaluation_20260927T130841Z_a267de\evaluation.json
task3_formal_20260927T075834Z_d335ae80,epoch_040,cycle_A,0.10617595769837498,loss,train,,task3_gan\Yuyao_Ding\outputs\task3_formal_20260927T075834Z_d335ae80\evaluation_20260927T130841Z_a267de\evaluation.json
task3_formal_20260927T075834Z_d335ae80,epoch_040,cycle_B,0.1351785719320178,loss,train,,task3_gan\Yuyao_Ding\outputs\task3_formal_20260927T075834Z_d335ae80\evaluation_20260927T130841Z_a267de\evaluation.json
task3_formal_20260927T075834Z_d335ae80,epoch_040,identity_A,0.10296078475937247,loss,train,,task3_gan\Yuyao_Ding\outputs\task3_formal_20260927T075834Z_d335ae80\evaluation_20260927T130841Z_a267de\evaluation.json
task3_formal_20260927T075834Z_d335ae80,epoch_040,identity_B,0.118683527700603,loss,train,,task3_gan\Yuyao_Ding\outputs\task3_formal_20260927T075834Z_d335ae80\evaluation_20260927T130841Z_a267de\evaluation.json
task3_formal_20260927T075834Z_d335ae80,epoch_040,gradient_norm_G_A2B,16.70604428052902,l2_norm,train,,task3_gan\Yuyao_Ding\outputs\task3_formal_20260927T075834Z_d335ae80\evaluation_20260927T130841Z_a267de\evaluation.json
task3_formal_20260927T075834Z_d335ae80,epoch_040,gradient_norm_G_B2A,17.498688116550447,l2_norm,train,,task3_gan\Yuyao_Ding\outputs\task3_formal_20260927T075834Z_d335ae80\evaluation_20260927T130841Z_a267de\evaluation.json
task3_formal_20260927T075834Z_d335ae80,epoch_040,gradient_norm_D_A,7.276262521743774,l2_norm,train,,task3_gan\Yuyao_Ding\outputs\task3_formal_20260927T075834Z_d335ae80\evaluation_20260927T130841Z_a267de\evaluation.json
task3_formal_20260927T075834Z_d335ae80,epoch_040,gradient_norm_D_B,7.072507939815521,l2_norm,train,,task3_gan\Yuyao_Ding\outputs\task3_formal_20260927T075834Z_d335ae80\evaluation_20260927T130841Z_a267de\evaluation.json
task3_formal_20260927T075834Z_d335ae80,epoch_041,G_A2B_adversarial,0.4749640929289162,loss,train,,task3_gan\Yuyao_Ding\outputs\task3_formal_20260927T075834Z_d335ae80\evaluation_20260927T130841Z_a267de\evaluation.json
task3_formal_20260927T075834Z_d335ae80,epoch_041,G_B2A_adversarial,0.4526083618570119,loss,train,,task3_gan\Yuyao_Ding\outputs\task3_formal_20260927T075834Z_d335ae80\evaluation_20260927T130841Z_a267de\evaluation.json
task3_formal_20260927T075834Z_d335ae80,epoch_041,D_A,0.17527248592674732,loss,train,,task3_gan\Yuyao_Ding\outputs\task3_formal_20260927T075834Z_d335ae80\evaluation_20260927T130841Z_a267de\evaluation.json
task3_formal_20260927T075834Z_d335ae80,epoch_041,D_B,0.16834888792596758,loss,train,,task3_gan\Yuyao_Ding\outputs\task3_formal_20260927T075834Z_d335ae80\evaluation_20260927T130841Z_a267de\evaluation.json
task3_formal_20260927T075834Z_d335ae80,epoch_041,G_total,4.307391381978989,loss,train,,task3_gan\Yuyao_Ding\outputs\task3_formal_20260927T075834Z_d335ae80\evaluation_20260927T130841Z_a267de\evaluation.json
task3_formal_20260927T075834Z_d335ae80,epoch_041,cycle_A,0.10156048312783242,loss,train,,task3_gan\Yuyao_Ding\outputs\task3_formal_20260927T075834Z_d335ae80\evaluation_20260927T130841Z_a267de\evaluation.json
task3_formal_20260927T075834Z_d335ae80,epoch_041,cycle_B,0.1301236616782844,loss,train,,task3_gan\Yuyao_Ding\outputs\task3_formal_20260927T075834Z_d335ae80\evaluation_20260927T130841Z_a267de\evaluation.json
task3_formal_20260927T075834Z_d335ae80,epoch_041,identity_A,0.0995695664435625,loss,train,,task3_gan\Yuyao_Ding\outputs\task3_formal_20260927T075834Z_d335ae80\evaluation_20260927T130841Z_a267de\evaluation.json
task3_formal_20260927T075834Z_d335ae80,epoch_041,identity_B,0.11302592822536826,loss,train,,task3_gan\Yuyao_Ding\outputs\task3_formal_20260927T075834Z_d335ae80\evaluation_20260927T130841Z_a267de\evaluation.json
task3_formal_20260927T075834Z_d335ae80,epoch_041,gradient_norm_G_A2B,16.09238010215759,l2_norm,train,,task3_gan\Yuyao_Ding\outputs\task3_formal_20260927T075834Z_d335ae80\evaluation_20260927T130841Z_a267de\evaluation.json
task3_formal_20260927T075834Z_d335ae80,epoch_041,gradient_norm_G_B2A,16.914580348968506,l2_norm,train,,task3_gan\Yuyao_Ding\outputs\task3_formal_20260927T075834Z_d335ae80\evaluation_20260927T130841Z_a267de\evaluation.json
task3_formal_20260927T075834Z_d335ae80,epoch_041,gradient_norm_D_A,7.218750801801682,l2_norm,train,,task3_gan\Yuyao_Ding\outputs\task3_formal_20260927T075834Z_d335ae80\evaluation_20260927T130841Z_a267de\evaluation.json
task3_formal_20260927T075834Z_d335ae80,epoch_041,gradient_norm_D_B,6.990648860812187,l2_norm,train,,task3_gan\Yuyao_Ding\outputs\task3_formal_20260927T075834Z_d335ae80\evaluation_20260927T130841Z_a267de\evaluation.json
task3_formal_20260927T075834Z_d335ae80,epoch_042,G_A2B_adversarial,0.4955449092593044,loss,train,,task3_gan\Yuyao_Ding\outputs\task3_formal_20260927T075834Z_d335ae80\evaluation_20260927T130841Z_a267de\evaluation.json
task3_formal_20260927T075834Z_d335ae80,epoch_042,G_B2A_adversarial,0.4637875531464815,loss,train,,task3_gan\Yuyao_Ding\outputs\task3_formal_20260927T075834Z_d335ae80\evaluation_20260927T130841Z_a267de\evaluation.json
task3_formal_20260927T075834Z_d335ae80,epoch_042,D_A,0.175231372481212,loss,train,,task3_gan\Yuyao_Ding\outputs\task3_formal_20260927T075834Z_d335ae80\evaluation_20260927T130841Z_a267de\evaluation.json
task3_formal_20260927T075834Z_d335ae80,epoch_042,D_B,0.16451382553204894,loss,train,,task3_gan\Yuyao_Ding\outputs\task3_formal_20260927T075834Z_d335ae80\evaluation_20260927T130841Z_a267de\evaluation.json
task3_formal_20260927T075834Z_d335ae80,epoch_042,G_total,4.453372089862824,loss,train,,task3_gan\Yuyao_Ding\outputs\task3_formal_20260927T075834Z_d335ae80\evaluation_20260927T130841Z_a267de\evaluation.json
task3_formal_20260927T075834Z_d335ae80,epoch_042,cycle_A,0.1047390521466732,loss,train,,task3_gan\Yuyao_Ding\outputs\task3_formal_20260927T075834Z_d335ae80\evaluation_20260927T130841Z_a267de\evaluation.json
task3_formal_20260927T075834Z_d335ae80,epoch_042,cycle_B,0.13523945985734462,loss,train,,task3_gan\Yuyao_Ding\outputs\task3_formal_20260927T075834Z_d335ae80\evaluation_20260927T130841Z_a267de\evaluation.json
task3_formal_20260927T075834Z_d335ae80,epoch_042,identity_A,0.10138950795307755,loss,train,,task3_gan\Yuyao_Ding\outputs\task3_formal_20260927T075834Z_d335ae80\evaluation_20260927T130841Z_a267de\evaluation.json
task3_formal_20260927T075834Z_d335ae80,epoch_042,identity_B,0.11746139249578118,loss,train,,task3_gan\Yuyao_Ding\outputs\task3_formal_20260927T075834Z_d335ae80\evaluation_20260927T130841Z_a267de\evaluation.json
task3_formal_20260927T075834Z_d335ae80,epoch_042,gradient_norm_G_A2B,16.5634480342865,l2_norm,train,,task3_gan\Yuyao_Ding\outputs\task3_formal_20260927T075834Z_d335ae80\evaluation_20260927T130841Z_a267de\evaluation.json
task3_formal_20260927T075834Z_d335ae80,epoch_042,gradient_norm_G_B2A,16.89068568468094,l2_norm,train,,task3_gan\Yuyao_Ding\outputs\task3_formal_20260927T075834Z_d335ae80\evaluation_20260927T130841Z_a267de\evaluation.json
task3_formal_20260927T075834Z_d335ae80,epoch_042,gradient_norm_D_A,7.440275704264641,l2_norm,train,,task3_gan\Yuyao_Ding\outputs\task3_formal_20260927T075834Z_d335ae80\evaluation_20260927T130841Z_a267de\evaluation.json
task3_formal_20260927T075834Z_d335ae80,epoch_042,gradient_norm_D_B,7.1561236174106595,l2_norm,train,,task3_gan\Yuyao_Ding\outputs\task3_formal_20260927T075834Z_d335ae80\evaluation_20260927T130841Z_a267de\evaluation.json
task3_formal_20260927T075834Z_d335ae80,epoch_043,G_A2B_adversarial,0.4693694485723972,loss,train,,task3_gan\Yuyao_Ding\outputs\task3_formal_20260927T075834Z_d335ae80\evaluation_20260927T130841Z_a267de\evaluation.json
task3_formal_20260927T075834Z_d335ae80,epoch_043,G_B2A_adversarial,0.46407704179175197,loss,train,,task3_gan\Yuyao_Ding\outputs\task3_formal_20260927T075834Z_d335ae80\evaluation_20260927T130841Z_a267de\evaluation.json
task3_formal_20260927T075834Z_d335ae80,epoch_043,D_A,0.17037014313414692,loss,train,,task3_gan\Yuyao_Ding\outputs\task3_formal_20260927T075834Z_d335ae80\evaluation_20260927T130841Z_a267de\evaluation.json
task3_formal_20260927T075834Z_d335ae80,epoch_043,D_B,0.17043315132148565,loss,train,,task3_gan\Yuyao_Ding\outputs\task3_formal_20260927T075834Z_d335ae80\evaluation_20260927T130841Z_a267de\evaluation.json
task3_formal_20260927T075834Z_d335ae80,epoch_043,G_total,4.309040022134781,loss,train,,task3_gan\Yuyao_Ding\outputs\task3_formal_20260927T075834Z_d335ae80\evaluation_20260927T130841Z_a267de\evaluation.json
task3_formal_20260927T075834Z_d335ae80,epoch_043,cycle_A,0.10239123820886016,loss,train,,task3_gan\Yuyao_Ding\outputs\task3_formal_20260927T075834Z_d335ae80\evaluation_20260927T130841Z_a267de\evaluation.json
task3_formal_20260927T075834Z_d335ae80,epoch_043,cycle_B,0.12903689286485315,loss,train,,task3_gan\Yuyao_Ding\outputs\task3_formal_20260927T075834Z_d335ae80\evaluation_20260927T130841Z_a267de\evaluation.json
task3_formal_20260927T075834Z_d335ae80,epoch_043,identity_A,0.09972435601055622,loss,train,,task3_gan\Yuyao_Ding\outputs\task3_formal_20260927T075834Z_d335ae80\evaluation_20260927T130841Z_a267de\evaluation.json
task3_formal_20260927T075834Z_d335ae80,epoch_043,identity_B,0.11253808594867587,loss,train,,task3_gan\Yuyao_Ding\outputs\task3_formal_20260927T075834Z_d335ae80\evaluation_20260927T130841Z_a267de\evaluation.json
task3_formal_20260927T075834Z_d335ae80,epoch_043,gradient_norm_G_A2B,16.07281728601456,l2_norm,train,,task3_gan\Yuyao_Ding\outputs\task3_formal_20260927T075834Z_d335ae80\evaluation_20260927T130841Z_a267de\evaluation.json
task3_formal_20260927T075834Z_d335ae80,epoch_043,gradient_norm_G_B2A,16.63055928850174,l2_norm,train,,task3_gan\Yuyao_Ding\outputs\task3_formal_20260927T075834Z_d335ae80\evaluation_20260927T130841Z_a267de\evaluation.json
task3_formal_20260927T075834Z_d335ae80,epoch_043,gradient_norm_D_A,7.176217740535736,l2_norm,train,,task3_gan\Yuyao_Ding\outputs\task3_formal_20260927T075834Z_d335ae80\evaluation_20260927T130841Z_a267de\evaluation.json
task3_formal_20260927T075834Z_d335ae80,epoch_043,gradient_norm_D_B,7.037366112232208,l2_norm,train,,task3_gan\Yuyao_Ding\outputs\task3_formal_20260927T075834Z_d335ae80\evaluation_20260927T130841Z_a267de\evaluation.json
task3_formal_20260927T075834Z_d335ae80,epoch_044,G_A2B_adversarial,0.465169993352145,loss,train,,task3_gan\Yuyao_Ding\outputs\task3_formal_20260927T075834Z_d335ae80\evaluation_20260927T130841Z_a267de\evaluation.json
task3_formal_20260927T075834Z_d335ae80,epoch_044,G_B2A_adversarial,0.4628303498215973,loss,train,,task3_gan\Yuyao_Ding\outputs\task3_formal_20260927T075834Z_d335ae80\evaluation_20260927T130841Z_a267de\evaluation.json
task3_formal_20260927T075834Z_d335ae80,epoch_044,D_A,0.171562237303704,loss,train,,task3_gan\Yuyao_Ding\outputs\task3_formal_20260927T075834Z_d335ae80\evaluation_20260927T130841Z_a267de\evaluation.json
task3_formal_20260927T075834Z_d335ae80,epoch_044,D_B,0.16784956899285317,loss,train,,task3_gan\Yuyao_Ding\outputs\task3_formal_20260927T075834Z_d335ae80\evaluation_20260927T130841Z_a267de\evaluation.json
task3_formal_20260927T075834Z_d335ae80,epoch_044,G_total,4.3075157601833345,loss,train,,task3_gan\Yuyao_Ding\outputs\task3_formal_20260927T075834Z_d335ae80\evaluation_20260927T130841Z_a267de\evaluation.json
task3_formal_20260927T075834Z_d335ae80,epoch_044,cycle_A,0.10161980259791016,loss,train,,task3_gan\Yuyao_Ding\outputs\task3_formal_20260927T075834Z_d335ae80\evaluation_20260927T130841Z_a267de\evaluation.json
task3_formal_20260927T075834Z_d335ae80,epoch_044,cycle_B,0.13025773562863469,loss,train,,task3_gan\Yuyao_Ding\outputs\task3_formal_20260927T075834Z_d335ae80\evaluation_20260927T130841Z_a267de\evaluation.json
task3_formal_20260927T075834Z_d335ae80,epoch_044,identity_A,0.09908336040005088,loss,train,,task3_gan\Yuyao_Ding\outputs\task3_formal_20260927T075834Z_d335ae80\evaluation_20260927T130841Z_a267de\evaluation.json
task3_formal_20260927T075834Z_d335ae80,epoch_044,identity_B,0.11306464602798223,loss,train,,task3_gan\Yuyao_Ding\outputs\task3_formal_20260927T075834Z_d335ae80\evaluation_20260927T130841Z_a267de\evaluation.json
task3_formal_20260927T075834Z_d335ae80,epoch_044,gradient_norm_G_A2B,16.23971533060074,l2_norm,train,,task3_gan\Yuyao_Ding\outputs\task3_formal_20260927T075834Z_d335ae80\evaluation_20260927T130841Z_a267de\evaluation.json
task3_formal_20260927T075834Z_d335ae80,epoch_044,gradient_norm_G_B2A,16.27801397180557,l2_norm,train,,task3_gan\Yuyao_Ding\outputs\task3_formal_20260927T075834Z_d335ae80\evaluation_20260927T130841Z_a267de\evaluation.json
task3_formal_20260927T075834Z_d335ae80,epoch_044,gradient_norm_D_A,7.305983182668686,l2_norm,train,,task3_gan\Yuyao_Ding\outputs\task3_formal_20260927T075834Z_d335ae80\evaluation_20260927T130841Z_a267de\evaluation.json
task3_formal_20260927T075834Z_d335ae80,epoch_044,gradient_norm_D_B,6.84884078836441,l2_norm,train,,task3_gan\Yuyao_Ding\outputs\task3_formal_20260927T075834Z_d335ae80\evaluation_20260927T130841Z_a267de\evaluation.json
task3_formal_20260927T075834Z_d335ae80,epoch_045,G_A2B_adversarial,0.4512944762930274,loss,train,,task3_gan\Yuyao_Ding\outputs\task3_formal_20260927T075834Z_d335ae80\evaluation_20260927T130841Z_a267de\evaluation.json
task3_formal_20260927T075834Z_d335ae80,epoch_045,G_B2A_adversarial,0.45747503552399577,loss,train,,task3_gan\Yuyao_Ding\outputs\task3_formal_20260927T075834Z_d335ae80\evaluation_20260927T130841Z_a267de\evaluation.json
task3_formal_20260927T075834Z_d335ae80,epoch_045,D_A,0.17415904791653156,loss,train,,task3_gan\Yuyao_Ding\outputs\task3_formal_20260927T075834Z_d335ae80\evaluation_20260927T130841Z_a267de\evaluation.json
task3_formal_20260927T075834Z_d335ae80,epoch_045,D_B,0.17961099058017135,loss,train,,task3_gan\Yuyao_Ding\outputs\task3_formal_20260927T075834Z_d335ae80\evaluation_20260927T130841Z_a267de\evaluation.json
task3_formal_20260927T075834Z_d335ae80,epoch_045,G_total,4.224302656173706,loss,train,,task3_gan\Yuyao_Ding\outputs\task3_formal_20260927T075834Z_d335ae80\evaluation_20260927T130841Z_a267de\evaluation.json
task3_formal_20260927T075834Z_d335ae80,epoch_045,cycle_A,0.09807294322177768,loss,train,,task3_gan\Yuyao_Ding\outputs\task3_formal_20260927T075834Z_d335ae80\evaluation_20260927T130841Z_a267de\evaluation.json
task3_formal_20260927T075834Z_d335ae80,epoch_045,cycle_B,0.12922658134996892,loss,train,,task3_gan\Yuyao_Ding\outputs\task3_formal_20260927T075834Z_d335ae80\evaluation_20260927T130841Z_a267de\evaluation.json
task3_formal_20260927T075834Z_d335ae80,epoch_045,identity_A,0.09710137290507555,loss,train,,task3_gan\Yuyao_Ding\outputs\task3_formal_20260927T075834Z_d335ae80\evaluation_20260927T130841Z_a267de\evaluation.json
task3_formal_20260927T075834Z_d335ae80,epoch_045,identity_B,0.11140620463714003,loss,train,,task3_gan\Yuyao_Ding\outputs\task3_formal_20260927T075834Z_d335ae80\evaluation_20260927T130841Z_a267de\evaluation.json
task3_formal_20260927T075834Z_d335ae80,epoch_045,gradient_norm_G_A2B,15.844992599964142,l2_norm,train,,task3_gan\Yuyao_Ding\outputs\task3_formal_20260927T075834Z_d335ae80\evaluation_20260927T130841Z_a267de\evaluation.json
task3_formal_20260927T075834Z_d335ae80,epoch_045,gradient_norm_G_B2A,16.135541793823243,l2_norm,train,,task3_gan\Yuyao_Ding\outputs\task3_formal_20260927T075834Z_d335ae80\evaluation_20260927T130841Z_a267de\evaluation.json
task3_formal_20260927T075834Z_d335ae80,epoch_045,gradient_norm_D_A,7.214919968485832,l2_norm,train,,task3_gan\Yuyao_Ding\outputs\task3_formal_20260927T075834Z_d335ae80\evaluation_20260927T130841Z_a267de\evaluation.json
task3_formal_20260927T075834Z_d335ae80,epoch_045,gradient_norm_D_B,6.829817122340202,l2_norm,train,,task3_gan\Yuyao_Ding\outputs\task3_formal_20260927T075834Z_d335ae80\evaluation_20260927T130841Z_a267de\evaluation.json
task3_formal_20260927T075834Z_d335ae80,epoch_046,G_A2B_adversarial,0.46530145651847127,loss,train,,task3_gan\Yuyao_Ding\outputs\task3_formal_20260927T075834Z_d335ae80\evaluation_20260927T130841Z_a267de\evaluation.json
task3_formal_20260927T075834Z_d335ae80,epoch_046,G_B2A_adversarial,0.46376442298293113,loss,train,,task3_gan\Yuyao_Ding\outputs\task3_formal_20260927T075834Z_d335ae80\evaluation_20260927T130841Z_a267de\evaluation.json
task3_formal_20260927T075834Z_d335ae80,epoch_046,D_A,0.17033228038530795,loss,train,,task3_gan\Yuyao_Ding\outputs\task3_formal_20260927T075834Z_d335ae80\evaluation_20260927T130841Z_a267de\evaluation.json
task3_formal_20260927T075834Z_d335ae80,epoch_046,D_B,0.17438879008218647,loss,train,,task3_gan\Yuyao_Ding\outputs\task3_formal_20260927T075834Z_d335ae80\evaluation_20260927T130841Z_a267de\evaluation.json
task3_formal_20260927T075834Z_d335ae80,epoch_046,G_total,4.28388969039917,loss,train,,task3_gan\Yuyao_Ding\outputs\task3_formal_20260927T075834Z_d335ae80\evaluation_20260927T130841Z_a267de\evaluation.json
task3_formal_20260927T075834Z_d335ae80,epoch_046,cycle_A,0.1002921515069902,loss,train,,task3_gan\Yuyao_Ding\outputs\task3_formal_20260927T075834Z_d335ae80\evaluation_20260927T130841Z_a267de\evaluation.json
task3_formal_20260927T075834Z_d335ae80,epoch_046,cycle_B,0.12940503250434995,loss,train,,task3_gan\Yuyao_Ding\outputs\task3_formal_20260927T075834Z_d335ae80\evaluation_20260927T130841Z_a267de\evaluation.json
task3_formal_20260927T075834Z_d335ae80,epoch_046,identity_A,0.09925236221030355,loss,train,,task3_gan\Yuyao_Ding\outputs\task3_formal_20260927T075834Z_d335ae80\evaluation_20260927T130841Z_a267de\evaluation.json
task3_formal_20260927T075834Z_d335ae80,epoch_046,identity_B,0.11231803085654973,loss,train,,task3_gan\Yuyao_Ding\outputs\task3_formal_20260927T075834Z_d335ae80\evaluation_20260927T130841Z_a267de\evaluation.json
task3_formal_20260927T075834Z_d335ae80,epoch_046,gradient_norm_G_A2B,15.863644876003265,l2_norm,train,,task3_gan\Yuyao_Ding\outputs\task3_formal_20260927T075834Z_d335ae80\evaluation_20260927T130841Z_a267de\evaluation.json
task3_formal_20260927T075834Z_d335ae80,epoch_046,gradient_norm_G_B2A,16.376150055885315,l2_norm,train,,task3_gan\Yuyao_Ding\outputs\task3_formal_20260927T075834Z_d335ae80\evaluation_20260927T130841Z_a267de\evaluation.json
task3_formal_20260927T075834Z_d335ae80,epoch_046,gradient_norm_D_A,7.132364775538445,l2_norm,train,,task3_gan\Yuyao_Ding\outputs\task3_formal_20260927T075834Z_d335ae80\evaluation_20260927T130841Z_a267de\evaluation.json
task3_formal_20260927T075834Z_d335ae80,epoch_046,gradient_norm_D_B,6.774083402276039,l2_norm,train,,task3_gan\Yuyao_Ding\outputs\task3_formal_20260927T075834Z_d335ae80\evaluation_20260927T130841Z_a267de\evaluation.json
task3_formal_20260927T075834Z_d335ae80,epoch_047,G_A2B_adversarial,0.46830975863710045,loss,train,,task3_gan\Yuyao_Ding\outputs\task3_formal_20260927T075834Z_d335ae80\evaluation_20260927T130841Z_a267de\evaluation.json
task3_formal_20260927T075834Z_d335ae80,epoch_047,G_B2A_adversarial,0.45920637767296285,loss,train,,task3_gan\Yuyao_Ding\outputs\task3_formal_20260927T075834Z_d335ae80\evaluation_20260927T130841Z_a267de\evaluation.json
task3_formal_20260927T075834Z_d335ae80,epoch_047,D_A,0.1702089842092246,loss,train,,task3_gan\Yuyao_Ding\outputs\task3_formal_20260927T075834Z_d335ae80\evaluation_20260927T130841Z_a267de\evaluation.json
task3_formal_20260927T075834Z_d335ae80,epoch_047,D_B,0.17879684879258276,loss,train,,task3_gan\Yuyao_Ding\outputs\task3_formal_20260927T075834Z_d335ae80\evaluation_20260927T130841Z_a267de\evaluation.json
task3_formal_20260927T075834Z_d335ae80,epoch_047,G_total,4.273323601484298,loss,train,,task3_gan\Yuyao_Ding\outputs\task3_formal_20260927T075834Z_d335ae80\evaluation_20260927T130841Z_a267de\evaluation.json
task3_formal_20260927T075834Z_d335ae80,epoch_047,cycle_A,0.0991500275246799,loss,train,,task3_gan\Yuyao_Ding\outputs\task3_formal_20260927T075834Z_d335ae80\evaluation_20260927T130841Z_a267de\evaluation.json
task3_formal_20260927T075834Z_d335ae80,epoch_047,cycle_B,0.13142657346650957,loss,train,,task3_gan\Yuyao_Ding\outputs\task3_formal_20260927T075834Z_d335ae80\evaluation_20260927T130841Z_a267de\evaluation.json
task3_formal_20260927T075834Z_d335ae80,epoch_047,identity_A,0.09611583563312888,loss,train,,task3_gan\Yuyao_Ding\outputs\task3_formal_20260927T075834Z_d335ae80\evaluation_20260927T130841Z_a267de\evaluation.json
task3_formal_20260927T075834Z_d335ae80,epoch_047,identity_B,0.11189245554804803,loss,train,,task3_gan\Yuyao_Ding\outputs\task3_formal_20260927T075834Z_d335ae80\evaluation_20260927T130841Z_a267de\evaluation.json
task3_formal_20260927T075834Z_d335ae80,epoch_047,gradient_norm_G_A2B,16.059390946865083,l2_norm,train,,task3_gan\Yuyao_Ding\outputs\task3_formal_20260927T075834Z_d335ae80\evaluation_20260927T130841Z_a267de\evaluation.json
task3_formal_20260927T075834Z_d335ae80,epoch_047,gradient_norm_G_B2A,16.284337645053863,l2_norm,train,,task3_gan\Yuyao_Ding\outputs\task3_formal_20260927T075834Z_d335ae80\evaluation_20260927T130841Z_a267de\evaluation.json
task3_formal_20260927T075834Z_d335ae80,epoch_047,gradient_norm_D_A,6.999249437451363,l2_norm,train,,task3_gan\Yuyao_Ding\outputs\task3_formal_20260927T075834Z_d335ae80\evaluation_20260927T130841Z_a267de\evaluation.json
task3_formal_20260927T075834Z_d335ae80,epoch_047,gradient_norm_D_B,6.861052699327469,l2_norm,train,,task3_gan\Yuyao_Ding\outputs\task3_formal_20260927T075834Z_d335ae80\evaluation_20260927T130841Z_a267de\evaluation.json
task3_formal_20260927T075834Z_d335ae80,epoch_048,G_A2B_adversarial,0.45951125722937286,loss,train,,task3_gan\Yuyao_Ding\outputs\task3_formal_20260927T075834Z_d335ae80\evaluation_20260927T130841Z_a267de\evaluation.json
task3_formal_20260927T075834Z_d335ae80,epoch_048,G_B2A_adversarial,0.48696594228595497,loss,train,,task3_gan\Yuyao_Ding\outputs\task3_formal_20260927T075834Z_d335ae80\evaluation_20260927T130841Z_a267de\evaluation.json
task3_formal_20260927T075834Z_d335ae80,epoch_048,D_A,0.16760812546871603,loss,train,,task3_gan\Yuyao_Ding\outputs\task3_formal_20260927T075834Z_d335ae80\evaluation_20260927T130841Z_a267de\evaluation.json
task3_formal_20260927T075834Z_d335ae80,epoch_048,D_B,0.17394104657322168,loss,train,,task3_gan\Yuyao_Ding\outputs\task3_formal_20260927T075834Z_d335ae80\evaluation_20260927T130841Z_a267de\evaluation.json
task3_formal_20260927T075834Z_d335ae80,epoch_048,G_total,4.2275214776992796,loss,train,,task3_gan\Yuyao_Ding\outputs\task3_formal_20260927T075834Z_d335ae80\evaluation_20260927T130841Z_a267de\evaluation.json
task3_formal_20260927T075834Z_d335ae80,epoch_048,cycle_A,0.09812071598693728,loss,train,,task3_gan\Yuyao_Ding\outputs\task3_formal_20260927T075834Z_d335ae80\evaluation_20260927T130841Z_a267de\evaluation.json
task3_formal_20260927T075834Z_d335ae80,epoch_048,cycle_B,0.1271943693011999,loss,train,,task3_gan\Yuyao_Ding\outputs\task3_formal_20260927T075834Z_d335ae80\evaluation_20260927T130841Z_a267de\evaluation.json
task3_formal_20260927T075834Z_d335ae80,epoch_048,identity_A,0.09596155812591314,loss,train,,task3_gan\Yuyao_Ding\outputs\task3_formal_20260927T075834Z_d335ae80\evaluation_20260927T130841Z_a267de\evaluation.json
task3_formal_20260927T075834Z_d335ae80,epoch_048,identity_B,0.109617127597332,loss,train,,task3_gan\Yuyao_Ding\outputs\task3_formal_20260927T075834Z_d335ae80\evaluation_20260927T130841Z_a267de\evaluation.json
task3_formal_20260927T075834Z_d335ae80,epoch_048,gradient_norm_G_A2B,15.767820536613465,l2_norm,train,,task3_gan\Yuyao_Ding\outputs\task3_formal_20260927T075834Z_d335ae80\evaluation_20260927T130841Z_a267de\evaluation.json
task3_formal_20260927T075834Z_d335ae80,epoch_048,gradient_norm_G_B2A,16.2768479514122,l2_norm,train,,task3_gan\Yuyao_Ding\outputs\task3_formal_20260927T075834Z_d335ae80\evaluation_20260927T130841Z_a267de\evaluation.json
task3_formal_20260927T075834Z_d335ae80,epoch_048,gradient_norm_D_A,6.967317197799683,l2_norm,train,,task3_gan\Yuyao_Ding\outputs\task3_formal_20260927T075834Z_d335ae80\evaluation_20260927T130841Z_a267de\evaluation.json
task3_formal_20260927T075834Z_d335ae80,epoch_048,gradient_norm_D_B,6.674058768033981,l2_norm,train,,task3_gan\Yuyao_Ding\outputs\task3_formal_20260927T075834Z_d335ae80\evaluation_20260927T130841Z_a267de\evaluation.json
task3_formal_20260927T075834Z_d335ae80,epoch_049,G_A2B_adversarial,0.46768360801041126,loss,train,,task3_gan\Yuyao_Ding\outputs\task3_formal_20260927T075834Z_d335ae80\evaluation_20260927T130841Z_a267de\evaluation.json
task3_formal_20260927T075834Z_d335ae80,epoch_049,G_B2A_adversarial,0.4819009781908244,loss,train,,task3_gan\Yuyao_Ding\outputs\task3_formal_20260927T075834Z_d335ae80\evaluation_20260927T130841Z_a267de\evaluation.json
task3_formal_20260927T075834Z_d335ae80,epoch_049,D_A,0.1668102046083659,loss,train,,task3_gan\Yuyao_Ding\outputs\task3_formal_20260927T075834Z_d335ae80\evaluation_20260927T130841Z_a267de\evaluation.json
task3_formal_20260927T075834Z_d335ae80,epoch_049,D_B,0.17356145831756295,loss,train,,task3_gan\Yuyao_Ding\outputs\task3_formal_20260927T075834Z_d335ae80\evaluation_20260927T130841Z_a267de\evaluation.json
task3_formal_20260927T075834Z_d335ae80,epoch_049,G_total,4.233462747097016,loss,train,,task3_gan\Yuyao_Ding\outputs\task3_formal_20260927T075834Z_d335ae80\evaluation_20260927T130841Z_a267de\evaluation.json
task3_formal_20260927T075834Z_d335ae80,epoch_049,cycle_A,0.09634555858746172,loss,train,,task3_gan\Yuyao_Ding\outputs\task3_formal_20260927T075834Z_d335ae80\evaluation_20260927T130841Z_a267de\evaluation.json
task3_formal_20260927T075834Z_d335ae80,epoch_049,cycle_B,0.1294045352116227,loss,train,,task3_gan\Yuyao_Ding\outputs\task3_formal_20260927T075834Z_d335ae80\evaluation_20260927T130841Z_a267de\evaluation.json
task3_formal_20260927T075834Z_d335ae80,epoch_049,identity_A,0.09389139863848686,loss,train,,task3_gan\Yuyao_Ding\outputs\task3_formal_20260927T075834Z_d335ae80\evaluation_20260927T130841Z_a267de\evaluation.json
task3_formal_20260927T075834Z_d335ae80,epoch_049,identity_B,0.11138404451310635,loss,train,,task3_gan\Yuyao_Ding\outputs\task3_formal_20260927T075834Z_d335ae80\evaluation_20260927T130841Z_a267de\evaluation.json
task3_formal_20260927T075834Z_d335ae80,epoch_049,gradient_norm_G_A2B,15.633855635643005,l2_norm,train,,task3_gan\Yuyao_Ding\outputs\task3_formal_20260927T075834Z_d335ae80\evaluation_20260927T130841Z_a267de\evaluation.json
task3_formal_20260927T075834Z_d335ae80,epoch_049,gradient_norm_G_B2A,15.997126735210419,l2_norm,train,,task3_gan\Yuyao_Ding\outputs\task3_formal_20260927T075834Z_d335ae80\evaluation_20260927T130841Z_a267de\evaluation.json
task3_formal_20260927T075834Z_d335ae80,epoch_049,gradient_norm_D_A,6.930662930369377,l2_norm,train,,task3_gan\Yuyao_Ding\outputs\task3_formal_20260927T075834Z_d335ae80\evaluation_20260927T130841Z_a267de\evaluation.json
task3_formal_20260927T075834Z_d335ae80,epoch_049,gradient_norm_D_B,6.595417997717857,l2_norm,train,,task3_gan\Yuyao_Ding\outputs\task3_formal_20260927T075834Z_d335ae80\evaluation_20260927T130841Z_a267de\evaluation.json
task3_formal_20260927T075834Z_d335ae80,epoch_050,G_A2B_adversarial,0.4722145192101598,loss,train,,task3_gan\Yuyao_Ding\outputs\task3_formal_20260927T075834Z_d335ae80\evaluation_20260927T130841Z_a267de\evaluation.json
task3_formal_20260927T075834Z_d335ae80,epoch_050,G_B2A_adversarial,0.48667961903475226,loss,train,,task3_gan\Yuyao_Ding\outputs\task3_formal_20260927T075834Z_d335ae80\evaluation_20260927T130841Z_a267de\evaluation.json
task3_formal_20260927T075834Z_d335ae80,epoch_050,D_A,0.1643664736151695,loss,train,,task3_gan\Yuyao_Ding\outputs\task3_formal_20260927T075834Z_d335ae80\evaluation_20260927T130841Z_a267de\evaluation.json
task3_formal_20260927T075834Z_d335ae80,epoch_050,D_B,0.17355965931527317,loss,train,,task3_gan\Yuyao_Ding\outputs\task3_formal_20260927T075834Z_d335ae80\evaluation_20260927T130841Z_a267de\evaluation.json
task3_formal_20260927T075834Z_d335ae80,epoch_050,G_total,4.20778548002243,loss,train,,task3_gan\Yuyao_Ding\outputs\task3_formal_20260927T075834Z_d335ae80\evaluation_20260927T130841Z_a267de\evaluation.json
task3_formal_20260927T075834Z_d335ae80,epoch_050,cycle_A,0.09633860331401228,loss,train,,task3_gan\Yuyao_Ding\outputs\task3_formal_20260927T075834Z_d335ae80\evaluation_20260927T130841Z_a267de\evaluation.json
task3_formal_20260927T075834Z_d335ae80,epoch_050,cycle_B,0.12735795623809099,loss,train,,task3_gan\Yuyao_Ding\outputs\task3_formal_20260927T075834Z_d335ae80\evaluation_20260927T130841Z_a267de\evaluation.json
task3_formal_20260927T075834Z_d335ae80,epoch_050,identity_A,0.09357246267795563,loss,train,,task3_gan\Yuyao_Ding\outputs\task3_formal_20260927T075834Z_d335ae80\evaluation_20260927T130841Z_a267de\evaluation.json
task3_formal_20260927T075834Z_d335ae80,epoch_050,identity_B,0.10881268637254835,loss,train,,task3_gan\Yuyao_Ding\outputs\task3_formal_20260927T075834Z_d335ae80\evaluation_20260927T130841Z_a267de\evaluation.json
task3_formal_20260927T075834Z_d335ae80,epoch_050,gradient_norm_G_A2B,15.802211905956268,l2_norm,train,,task3_gan\Yuyao_Ding\outputs\task3_formal_20260927T075834Z_d335ae80\evaluation_20260927T130841Z_a267de\evaluation.json
task3_formal_20260927T075834Z_d335ae80,epoch_050,gradient_norm_G_B2A,16.08031136894226,l2_norm,train,,task3_gan\Yuyao_Ding\outputs\task3_formal_20260927T075834Z_d335ae80\evaluation_20260927T130841Z_a267de\evaluation.json
task3_formal_20260927T075834Z_d335ae80,epoch_050,gradient_norm_D_A,7.190315206408501,l2_norm,train,,task3_gan\Yuyao_Ding\outputs\task3_formal_20260927T075834Z_d335ae80\evaluation_20260927T130841Z_a267de\evaluation.json
task3_formal_20260927T075834Z_d335ae80,epoch_050,gradient_norm_D_B,6.5543523277044295,l2_norm,train,,task3_gan\Yuyao_Ding\outputs\task3_formal_20260927T075834Z_d335ae80\evaluation_20260927T130841Z_a267de\evaluation.json
task3_formal_20260927T075834Z_d335ae80,epoch_051,G_A2B_adversarial,0.471281431267038,loss,train,,task3_gan\Yuyao_Ding\outputs\task3_formal_20260927T075834Z_d335ae80\evaluation_20260927T130841Z_a267de\evaluation.json
task3_formal_20260927T075834Z_d335ae80,epoch_051,G_B2A_adversarial,0.4784414519611746,loss,train,,task3_gan\Yuyao_Ding\outputs\task3_formal_20260927T075834Z_d335ae80\evaluation_20260927T130841Z_a267de\evaluation.json
task3_formal_20260927T075834Z_d335ae80,epoch_051,D_A,0.1646995920725167,loss,train,,task3_gan\Yuyao_Ding\outputs\task3_formal_20260927T075834Z_d335ae80\evaluation_20260927T130841Z_a267de\evaluation.json
task3_formal_20260927T075834Z_d335ae80,epoch_051,D_B,0.17411243543587626,loss,train,,task3_gan\Yuyao_Ding\outputs\task3_formal_20260927T075834Z_d335ae80\evaluation_20260927T130841Z_a267de\evaluation.json
task3_formal_20260927T075834Z_d335ae80,epoch_051,G_total,4.203239062547683,loss,train,,task3_gan\Yuyao_Ding\outputs\task3_formal_20260927T075834Z_d335ae80\evaluation_20260927T130841Z_a267de\evaluation.json
task3_formal_20260927T075834Z_d335ae80,epoch_051,cycle_A,0.09633641461282968,loss,train,,task3_gan\Yuyao_Ding\outputs\task3_formal_20260927T075834Z_d335ae80\evaluation_20260927T130841Z_a267de\evaluation.json
task3_formal_20260927T075834Z_d335ae80,epoch_051,cycle_B,0.12678997105360032,loss,train,,task3_gan\Yuyao_Ding\outputs\task3_formal_20260927T075834Z_d335ae80\evaluation_20260927T130841Z_a267de\evaluation.json
task3_formal_20260927T075834Z_d335ae80,epoch_051,identity_A,0.09472957049310207,loss,train,,task3_gan\Yuyao_Ding\outputs\task3_formal_20260927T075834Z_d335ae80\evaluation_20260927T130841Z_a267de\evaluation.json
task3_formal_20260927T075834Z_d335ae80,epoch_051,identity_B,0.10972089441865683,loss,train,,task3_gan\Yuyao_Ding\outputs\task3_formal_20260927T075834Z_d335ae80\evaluation_20260927T130841Z_a267de\evaluation.json
task3_formal_20260927T075834Z_d335ae80,epoch_051,gradient_norm_G_A2B,15.658289672851563,l2_norm,train,,task3_gan\Yuyao_Ding\outputs\task3_formal_20260927T075834Z_d335ae80\evaluation_20260927T130841Z_a267de\evaluation.json
task3_formal_20260927T075834Z_d335ae80,epoch_051,gradient_norm_G_B2A,16.0153809838295,l2_norm,train,,task3_gan\Yuyao_Ding\outputs\task3_formal_20260927T075834Z_d335ae80\evaluation_20260927T130841Z_a267de\evaluation.json
task3_formal_20260927T075834Z_d335ae80,epoch_051,gradient_norm_D_A,6.9544978505373,l2_norm,train,,task3_gan\Yuyao_Ding\outputs\task3_formal_20260927T075834Z_d335ae80\evaluation_20260927T130841Z_a267de\evaluation.json
task3_formal_20260927T075834Z_d335ae80,epoch_051,gradient_norm_D_B,6.299099857509137,l2_norm,train,,task3_gan\Yuyao_Ding\outputs\task3_formal_20260927T075834Z_d335ae80\evaluation_20260927T130841Z_a267de\evaluation.json
task3_formal_20260927T075834Z_d335ae80,epoch_052,G_A2B_adversarial,0.4701030652998015,loss,train,,task3_gan\Yuyao_Ding\outputs\task3_formal_20260927T075834Z_d335ae80\evaluation_20260927T130841Z_a267de\evaluation.json
task3_formal_20260927T075834Z_d335ae80,epoch_052,G_B2A_adversarial,0.49573763137869536,loss,train,,task3_gan\Yuyao_Ding\outputs\task3_formal_20260927T075834Z_d335ae80\evaluation_20260927T130841Z_a267de\evaluation.json
task3_formal_20260927T075834Z_d335ae80,epoch_052,D_A,0.1664275729469955,loss,train,,task3_gan\Yuyao_Ding\outputs\task3_formal_20260927T075834Z_d335ae80\evaluation_20260927T130841Z_a267de\evaluation.json
task3_formal_20260927T075834Z_d335ae80,epoch_052,D_B,0.1750750615876168,loss,train,,task3_gan\Yuyao_Ding\outputs\task3_formal_20260927T075834Z_d335ae80\evaluation_20260927T130841Z_a267de\evaluation.json
task3_formal_20260927T075834Z_d335ae80,epoch_052,G_total,4.176533211946487,loss,train,,task3_gan\Yuyao_Ding\outputs\task3_formal_20260927T075834Z_d335ae80\evaluation_20260927T130841Z_a267de\evaluation.json
task3_formal_20260927T075834Z_d335ae80,epoch_052,cycle_A,0.09423167703673244,loss,train,,task3_gan\Yuyao_Ding\outputs\task3_formal_20260927T075834Z_d335ae80\evaluation_20260927T130841Z_a267de\evaluation.json
task3_formal_20260927T075834Z_d335ae80,epoch_052,cycle_B,0.12612840347737073,loss,train,,task3_gan\Yuyao_Ding\outputs\task3_formal_20260927T075834Z_d335ae80\evaluation_20260927T130841Z_a267de\evaluation.json
task3_formal_20260927T075834Z_d335ae80,epoch_052,identity_A,0.09250749547034502,loss,train,,task3_gan\Yuyao_Ding\outputs\task3_formal_20260927T075834Z_d335ae80\evaluation_20260927T130841Z_a267de\evaluation.json
task3_formal_20260927T075834Z_d335ae80,epoch_052,identity_B,0.10891084617748857,loss,train,,task3_gan\Yuyao_Ding\outputs\task3_formal_20260927T075834Z_d335ae80\evaluation_20260927T130841Z_a267de\evaluation.json
task3_formal_20260927T075834Z_d335ae80,epoch_052,gradient_norm_G_A2B,15.310308527946471,l2_norm,train,,task3_gan\Yuyao_Ding\outputs\task3_formal_20260927T075834Z_d335ae80\evaluation_20260927T130841Z_a267de\evaluation.json
task3_formal_20260927T075834Z_d335ae80,epoch_052,gradient_norm_G_B2A,16.030948183059692,l2_norm,train,,task3_gan\Yuyao_Ding\outputs\task3_formal_20260927T075834Z_d335ae80\evaluation_20260927T130841Z_a267de\evaluation.json
task3_formal_20260927T075834Z_d335ae80,epoch_052,gradient_norm_D_A,6.9086991823911665,l2_norm,train,,task3_gan\Yuyao_Ding\outputs\task3_formal_20260927T075834Z_d335ae80\evaluation_20260927T130841Z_a267de\evaluation.json
task3_formal_20260927T075834Z_d335ae80,epoch_052,gradient_norm_D_B,6.389850632786751,l2_norm,train,,task3_gan\Yuyao_Ding\outputs\task3_formal_20260927T075834Z_d335ae80\evaluation_20260927T130841Z_a267de\evaluation.json
task3_formal_20260927T075834Z_d335ae80,epoch_053,G_A2B_adversarial,0.45778146432340144,loss,train,,task3_gan\Yuyao_Ding\outputs\task3_formal_20260927T075834Z_d335ae80\evaluation_20260927T130841Z_a267de\evaluation.json
task3_formal_20260927T075834Z_d335ae80,epoch_053,G_B2A_adversarial,0.4919326185900718,loss,train,,task3_gan\Yuyao_Ding\outputs\task3_formal_20260927T075834Z_d335ae80\evaluation_20260927T130841Z_a267de\evaluation.json
task3_formal_20260927T075834Z_d335ae80,epoch_053,D_A,0.16229474898986518,loss,train,,task3_gan\Yuyao_Ding\outputs\task3_formal_20260927T075834Z_d335ae80\evaluation_20260927T130841Z_a267de\evaluation.json
task3_formal_20260927T075834Z_d335ae80,epoch_053,D_B,0.17328367738239467,loss,train,,task3_gan\Yuyao_Ding\outputs\task3_formal_20260927T075834Z_d335ae80\evaluation_20260927T130841Z_a267de\evaluation.json
task3_formal_20260927T075834Z_d335ae80,epoch_053,G_total,4.139475448131561,loss,train,,task3_gan\Yuyao_Ding\outputs\task3_formal_20260927T075834Z_d335ae80\evaluation_20260927T130841Z_a267de\evaluation.json
task3_formal_20260927T075834Z_d335ae80,epoch_053,cycle_A,0.09307878886908293,loss,train,,task3_gan\Yuyao_Ding\outputs\task3_formal_20260927T075834Z_d335ae80\evaluation_20260927T130841Z_a267de\evaluation.json
task3_formal_20260927T075834Z_d335ae80,epoch_053,cycle_B,0.1258775296807289,loss,train,,task3_gan\Yuyao_Ding\outputs\task3_formal_20260927T075834Z_d335ae80\evaluation_20260927T130841Z_a267de\evaluation.json
task3_formal_20260927T075834Z_d335ae80,epoch_053,identity_A,0.0908087831735611,loss,train,,task3_gan\Yuyao_Ding\outputs\task3_formal_20260927T075834Z_d335ae80\evaluation_20260927T130841Z_a267de\evaluation.json
task3_formal_20260927T075834Z_d335ae80,epoch_053,identity_B,0.10923084959760308,loss,train,,task3_gan\Yuyao_Ding\outputs\task3_formal_20260927T075834Z_d335ae80\evaluation_20260927T130841Z_a267de\evaluation.json
task3_formal_20260927T075834Z_d335ae80,epoch_053,gradient_norm_G_A2B,15.372376249313355,l2_norm,train,,task3_gan\Yuyao_Ding\outputs\task3_formal_20260927T075834Z_d335ae80\evaluation_20260927T130841Z_a267de\evaluation.json
task3_formal_20260927T075834Z_d335ae80,epoch_053,gradient_norm_G_B2A,15.643573346138,l2_norm,train,,task3_gan\Yuyao_Ding\outputs\task3_formal_20260927T075834Z_d335ae80\evaluation_20260927T130841Z_a267de\evaluation.json
task3_formal_20260927T075834Z_d335ae80,epoch_053,gradient_norm_D_A,6.703368663072586,l2_norm,train,,task3_gan\Yuyao_Ding\outputs\task3_formal_20260927T075834Z_d335ae80\evaluation_20260927T130841Z_a267de\evaluation.json
task3_formal_20260927T075834Z_d335ae80,epoch_053,gradient_norm_D_B,6.300751041173935,l2_norm,train,,task3_gan\Yuyao_Ding\outputs\task3_formal_20260927T075834Z_d335ae80\evaluation_20260927T130841Z_a267de\evaluation.json
task3_formal_20260927T075834Z_d335ae80,epoch_054,G_A2B_adversarial,0.4636736068800092,loss,train,,task3_gan\Yuyao_Ding\outputs\task3_formal_20260927T075834Z_d335ae80\evaluation_20260927T130841Z_a267de\evaluation.json
task3_formal_20260927T075834Z_d335ae80,epoch_054,G_B2A_adversarial,0.5016752185020595,loss,train,,task3_gan\Yuyao_Ding\outputs\task3_formal_20260927T075834Z_d335ae80\evaluation_20260927T130841Z_a267de\evaluation.json
task3_formal_20260927T075834Z_d335ae80,epoch_054,D_A,0.160305308887735,loss,train,,task3_gan\Yuyao_Ding\outputs\task3_formal_20260927T075834Z_d335ae80\evaluation_20260927T130841Z_a267de\evaluation.json
task3_formal_20260927T075834Z_d335ae80,epoch_054,D_B,0.17352684722468256,loss,train,,task3_gan\Yuyao_Ding\outputs\task3_formal_20260927T075834Z_d335ae80\evaluation_20260927T130841Z_a267de\evaluation.json
task3_formal_20260927T075834Z_d335ae80,epoch_054,G_total,4.141683145284652,loss,train,,task3_gan\Yuyao_Ding\outputs\task3_formal_20260927T075834Z_d335ae80\evaluation_20260927T130841Z_a267de\evaluation.json
task3_formal_20260927T075834Z_d335ae80,epoch_054,cycle_A,0.09342369400337339,loss,train,,task3_gan\Yuyao_Ding\outputs\task3_formal_20260927T075834Z_d335ae80\evaluation_20260927T130841Z_a267de\evaluation.json
task3_formal_20260927T075834Z_d335ae80,epoch_054,cycle_B,0.12534379974752666,loss,train,,task3_gan\Yuyao_Ding\outputs\task3_formal_20260927T075834Z_d335ae80\evaluation_20260927T130841Z_a267de\evaluation.json
task3_formal_20260927T075834Z_d335ae80,epoch_054,identity_A,0.0910517783202231,loss,train,,task3_gan\Yuyao_Ding\outputs\task3_formal_20260927T075834Z_d335ae80\evaluation_20260927T130841Z_a267de\evaluation.json
task3_formal_20260927T075834Z_d335ae80,epoch_054,identity_B,0.10668009893782437,loss,train,,task3_gan\Yuyao_Ding\outputs\task3_formal_20260927T075834Z_d335ae80\evaluation_20260927T130841Z_a267de\evaluation.json
task3_formal_20260927T075834Z_d335ae80,epoch_054,gradient_norm_G_A2B,15.67270184803009,l2_norm,train,,task3_gan\Yuyao_Ding\outputs\task3_formal_20260927T075834Z_d335ae80\evaluation_20260927T130841Z_a267de\evaluation.json
task3_formal_20260927T075834Z_d335ae80,epoch_054,gradient_norm_G_B2A,16.03601067352295,l2_norm,train,,task3_gan\Yuyao_Ding\outputs\task3_formal_20260927T075834Z_d335ae80\evaluation_20260927T130841Z_a267de\evaluation.json
task3_formal_20260927T075834Z_d335ae80,epoch_054,gradient_norm_D_A,6.700143569111824,l2_norm,train,,task3_gan\Yuyao_Ding\outputs\task3_formal_20260927T075834Z_d335ae80\evaluation_20260927T130841Z_a267de\evaluation.json
task3_formal_20260927T075834Z_d335ae80,epoch_054,gradient_norm_D_B,6.276448792695999,l2_norm,train,,task3_gan\Yuyao_Ding\outputs\task3_formal_20260927T075834Z_d335ae80\evaluation_20260927T130841Z_a267de\evaluation.json
task3_formal_20260927T075834Z_d335ae80,epoch_055,G_A2B_adversarial,0.4680901105068624,loss,train,,task3_gan\Yuyao_Ding\outputs\task3_formal_20260927T075834Z_d335ae80\evaluation_20260927T130841Z_a267de\evaluation.json
task3_formal_20260927T075834Z_d335ae80,epoch_055,G_B2A_adversarial,0.49397225809283557,loss,train,,task3_gan\Yuyao_Ding\outputs\task3_formal_20260927T075834Z_d335ae80\evaluation_20260927T130841Z_a267de\evaluation.json
task3_formal_20260927T075834Z_d335ae80,epoch_055,D_A,0.16023762233927846,loss,train,,task3_gan\Yuyao_Ding\outputs\task3_formal_20260927T075834Z_d335ae80\evaluation_20260927T130841Z_a267de\evaluation.json
task3_formal_20260927T075834Z_d335ae80,epoch_055,D_B,0.170600771907717,loss,train,,task3_gan\Yuyao_Ding\outputs\task3_formal_20260927T075834Z_d335ae80\evaluation_20260927T130841Z_a267de\evaluation.json
task3_formal_20260927T075834Z_d335ae80,epoch_055,G_total,4.1254123339653015,loss,train,,task3_gan\Yuyao_Ding\outputs\task3_formal_20260927T075834Z_d335ae80\evaluation_20260927T130841Z_a267de\evaluation.json
task3_formal_20260927T075834Z_d335ae80,epoch_055,cycle_A,0.09316497242823243,loss,train,,task3_gan\Yuyao_Ding\outputs\task3_formal_20260927T075834Z_d335ae80\evaluation_20260927T130841Z_a267de\evaluation.json
task3_formal_20260927T075834Z_d335ae80,epoch_055,cycle_B,0.12418687243014574,loss,train,,task3_gan\Yuyao_Ding\outputs\task3_formal_20260927T075834Z_d335ae80\evaluation_20260927T130841Z_a267de\evaluation.json
task3_formal_20260927T075834Z_d335ae80,epoch_055,identity_A,0.08988426991179585,loss,train,,task3_gan\Yuyao_Ding\outputs\task3_formal_20260927T075834Z_d335ae80\evaluation_20260927T130841Z_a267de\evaluation.json
task3_formal_20260927T075834Z_d335ae80,epoch_055,identity_B,0.10808203224092722,loss,train,,task3_gan\Yuyao_Ding\outputs\task3_formal_20260927T075834Z_d335ae80\evaluation_20260927T130841Z_a267de\evaluation.json
task3_formal_20260927T075834Z_d335ae80,epoch_055,gradient_norm_G_A2B,15.773079251766205,l2_norm,train,,task3_gan\Yuyao_Ding\outputs\task3_formal_20260927T075834Z_d335ae80\evaluation_20260927T130841Z_a267de\evaluation.json
task3_formal_20260927T075834Z_d335ae80,epoch_055,gradient_norm_G_B2A,15.909957694530487,l2_norm,train,,task3_gan\Yuyao_Ding\outputs\task3_formal_20260927T075834Z_d335ae80\evaluation_20260927T130841Z_a267de\evaluation.json
task3_formal_20260927T075834Z_d335ae80,epoch_055,gradient_norm_D_A,6.744668179988861,l2_norm,train,,task3_gan\Yuyao_Ding\outputs\task3_formal_20260927T075834Z_d335ae80\evaluation_20260927T130841Z_a267de\evaluation.json
task3_formal_20260927T075834Z_d335ae80,epoch_055,gradient_norm_D_B,6.209006430149079,l2_norm,train,,task3_gan\Yuyao_Ding\outputs\task3_formal_20260927T075834Z_d335ae80\evaluation_20260927T130841Z_a267de\evaluation.json
task3_formal_20260927T075834Z_d335ae80,epoch_056,G_A2B_adversarial,0.46811633079871534,loss,train,,task3_gan\Yuyao_Ding\outputs\task3_formal_20260927T075834Z_d335ae80\evaluation_20260927T130841Z_a267de\evaluation.json
task3_formal_20260927T075834Z_d335ae80,epoch_056,G_B2A_adversarial,0.5020042954348027,loss,train,,task3_gan\Yuyao_Ding\outputs\task3_formal_20260927T075834Z_d335ae80\evaluation_20260927T130841Z_a267de\evaluation.json
task3_formal_20260927T075834Z_d335ae80,epoch_056,D_A,0.15757365442998708,loss,train,,task3_gan\Yuyao_Ding\outputs\task3_formal_20260927T075834Z_d335ae80\evaluation_20260927T130841Z_a267de\evaluation.json
task3_formal_20260927T075834Z_d335ae80,epoch_056,D_B,0.16612471278756857,loss,train,,task3_gan\Yuyao_Ding\outputs\task3_formal_20260927T075834Z_d335ae80\evaluation_20260927T130841Z_a267de\evaluation.json
task3_formal_20260927T075834Z_d335ae80,epoch_056,G_total,4.078245678186416,loss,train,,task3_gan\Yuyao_Ding\outputs\task3_formal_20260927T075834Z_d335ae80\evaluation_20260927T130841Z_a267de\evaluation.json
task3_formal_20260927T075834Z_d335ae80,epoch_056,cycle_A,0.09118919892981649,loss,train,,task3_gan\Yuyao_Ding\outputs\task3_formal_20260927T075834Z_d335ae80\evaluation_20260927T130841Z_a267de\evaluation.json
task3_formal_20260927T075834Z_d335ae80,epoch_056,cycle_B,0.12236588426679373,loss,train,,task3_gan\Yuyao_Ding\outputs\task3_formal_20260927T075834Z_d335ae80\evaluation_20260927T130841Z_a267de\evaluation.json
task3_formal_20260927T075834Z_d335ae80,epoch_056,identity_A,0.08922614005953074,loss,train,,task3_gan\Yuyao_Ding\outputs\task3_formal_20260927T075834Z_d335ae80\evaluation_20260927T130841Z_a267de\evaluation.json
task3_formal_20260927T075834Z_d335ae80,epoch_056,identity_B,0.1052887027412653,loss,train,,task3_gan\Yuyao_Ding\outputs\task3_formal_20260927T075834Z_d335ae80\evaluation_20260927T130841Z_a267de\evaluation.json
task3_formal_20260927T075834Z_d335ae80,epoch_056,gradient_norm_G_A2B,15.191537392139434,l2_norm,train,,task3_gan\Yuyao_Ding\outputs\task3_formal_20260927T075834Z_d335ae80\evaluation_20260927T130841Z_a267de\evaluation.json
task3_formal_20260927T075834Z_d335ae80,epoch_056,gradient_norm_G_B2A,15.72878521347046,l2_norm,train,,task3_gan\Yuyao_Ding\outputs\task3_formal_20260927T075834Z_d335ae80\evaluation_20260927T130841Z_a267de\evaluation.json
task3_formal_20260927T075834Z_d335ae80,epoch_056,gradient_norm_D_A,6.779448487639427,l2_norm,train,,task3_gan\Yuyao_Ding\outputs\task3_formal_20260927T075834Z_d335ae80\evaluation_20260927T130841Z_a267de\evaluation.json
task3_formal_20260927T075834Z_d335ae80,epoch_056,gradient_norm_D_B,6.049587818861007,l2_norm,train,,task3_gan\Yuyao_Ding\outputs\task3_formal_20260927T075834Z_d335ae80\evaluation_20260927T130841Z_a267de\evaluation.json
task3_formal_20260927T075834Z_d335ae80,epoch_057,G_A2B_adversarial,0.45184177278727294,loss,train,,task3_gan\Yuyao_Ding\outputs\task3_formal_20260927T075834Z_d335ae80\evaluation_20260927T130841Z_a267de\evaluation.json
task3_formal_20260927T075834Z_d335ae80,epoch_057,G_B2A_adversarial,0.5071397796515376,loss,train,,task3_gan\Yuyao_Ding\outputs\task3_formal_20260927T075834Z_d335ae80\evaluation_20260927T130841Z_a267de\evaluation.json
task3_formal_20260927T075834Z_d335ae80,epoch_057,D_A,0.15354896473139523,loss,train,,task3_gan\Yuyao_Ding\outputs\task3_formal_20260927T075834Z_d335ae80\evaluation_20260927T130841Z_a267de\evaluation.json
task3_formal_20260927T075834Z_d335ae80,epoch_057,D_B,0.17473651385866107,loss,train,,task3_gan\Yuyao_Ding\outputs\task3_formal_20260927T075834Z_d335ae80\evaluation_20260927T130841Z_a267de\evaluation.json
task3_formal_20260927T075834Z_d335ae80,epoch_057,G_total,4.027102356433868,loss,train,,task3_gan\Yuyao_Ding\outputs\task3_formal_20260927T075834Z_d335ae80\evaluation_20260927T130841Z_a267de\evaluation.json
task3_formal_20260927T075834Z_d335ae80,epoch_057,cycle_A,0.09005256199464202,loss,train,,task3_gan\Yuyao_Ding\outputs\task3_formal_20260927T075834Z_d335ae80\evaluation_20260927T130841Z_a267de\evaluation.json
task3_formal_20260927T075834Z_d335ae80,epoch_057,cycle_B,0.12099257989227771,loss,train,,task3_gan\Yuyao_Ding\outputs\task3_formal_20260927T075834Z_d335ae80\evaluation_20260927T130841Z_a267de\evaluation.json
task3_formal_20260927T075834Z_d335ae80,epoch_057,identity_A,0.08780228344723583,loss,train,,task3_gan\Yuyao_Ding\outputs\task3_formal_20260927T075834Z_d335ae80\evaluation_20260927T130841Z_a267de\evaluation.json
task3_formal_20260927T075834Z_d335ae80,epoch_057,identity_B,0.10373159347102046,loss,train,,task3_gan\Yuyao_Ding\outputs\task3_formal_20260927T075834Z_d335ae80\evaluation_20260927T130841Z_a267de\evaluation.json
task3_formal_20260927T075834Z_d335ae80,epoch_057,gradient_norm_G_A2B,15.113394723415375,l2_norm,train,,task3_gan\Yuyao_Ding\outputs\task3_formal_20260927T075834Z_d335ae80\evaluation_20260927T130841Z_a267de\evaluation.json
task3_formal_20260927T075834Z_d335ae80,epoch_057,gradient_norm_G_B2A,15.420105362892151,l2_norm,train,,task3_gan\Yuyao_Ding\outputs\task3_formal_20260927T075834Z_d335ae80\evaluation_20260927T130841Z_a267de\evaluation.json
task3_formal_20260927T075834Z_d335ae80,epoch_057,gradient_norm_D_A,6.5599087618589405,l2_norm,train,,task3_gan\Yuyao_Ding\outputs\task3_formal_20260927T075834Z_d335ae80\evaluation_20260927T130841Z_a267de\evaluation.json
task3_formal_20260927T075834Z_d335ae80,epoch_057,gradient_norm_D_B,6.084671555161476,l2_norm,train,,task3_gan\Yuyao_Ding\outputs\task3_formal_20260927T075834Z_d335ae80\evaluation_20260927T130841Z_a267de\evaluation.json
task3_formal_20260927T075834Z_d335ae80,epoch_058,G_A2B_adversarial,0.47755466400459406,loss,train,,task3_gan\Yuyao_Ding\outputs\task3_formal_20260927T075834Z_d335ae80\evaluation_20260927T130841Z_a267de\evaluation.json
task3_formal_20260927T075834Z_d335ae80,epoch_058,G_B2A_adversarial,0.524903559235856,loss,train,,task3_gan\Yuyao_Ding\outputs\task3_formal_20260927T075834Z_d335ae80\evaluation_20260927T130841Z_a267de\evaluation.json
task3_formal_20260927T075834Z_d335ae80,epoch_058,D_A,0.15633817553892732,loss,train,,task3_gan\Yuyao_Ding\outputs\task3_formal_20260927T075834Z_d335ae80\evaluation_20260927T130841Z_a267de\evaluation.json
task3_formal_20260927T075834Z_d335ae80,epoch_058,D_B,0.16527764715626836,loss,train,,task3_gan\Yuyao_Ding\outputs\task3_formal_20260927T075834Z_d335ae80\evaluation_20260927T130841Z_a267de\evaluation.json
task3_formal_20260927T075834Z_d335ae80,epoch_058,G_total,4.0195819652080536,loss,train,,task3_gan\Yuyao_Ding\outputs\task3_formal_20260927T075834Z_d335ae80\evaluation_20260927T130841Z_a267de\evaluation.json
task3_formal_20260927T075834Z_d335ae80,epoch_058,cycle_A,0.0899140633456409,loss,train,,task3_gan\Yuyao_Ding\outputs\task3_formal_20260927T075834Z_d335ae80\evaluation_20260927T130841Z_a267de\evaluation.json
task3_formal_20260927T075834Z_d335ae80,epoch_058,cycle_B,0.11727730160206556,loss,train,,task3_gan\Yuyao_Ding\outputs\task3_formal_20260927T075834Z_d335ae80\evaluation_20260927T130841Z_a267de\evaluation.json
task3_formal_20260927T075834Z_d335ae80,epoch_058,identity_A,0.08678478789702058,loss,train,,task3_gan\Yuyao_Ding\outputs\task3_formal_20260927T075834Z_d335ae80\evaluation_20260927T130841Z_a267de\evaluation.json
task3_formal_20260927T075834Z_d335ae80,epoch_058,identity_B,0.10225722886249423,loss,train,,task3_gan\Yuyao_Ding\outputs\task3_formal_20260927T075834Z_d335ae80\evaluation_20260927T130841Z_a267de\evaluation.json
task3_formal_20260927T075834Z_d335ae80,epoch_058,gradient_norm_G_A2B,14.758119408845902,l2_norm,train,,task3_gan\Yuyao_Ding\outputs\task3_formal_20260927T075834Z_d335ae80\evaluation_20260927T130841Z_a267de\evaluation.json
task3_formal_20260927T075834Z_d335ae80,epoch_058,gradient_norm_G_B2A,15.406413723945617,l2_norm,train,,task3_gan\Yuyao_Ding\outputs\task3_formal_20260927T075834Z_d335ae80\evaluation_20260927T130841Z_a267de\evaluation.json
task3_formal_20260927T075834Z_d335ae80,epoch_058,gradient_norm_D_A,6.710220160007477,l2_norm,train,,task3_gan\Yuyao_Ding\outputs\task3_formal_20260927T075834Z_d335ae80\evaluation_20260927T130841Z_a267de\evaluation.json
task3_formal_20260927T075834Z_d335ae80,epoch_058,gradient_norm_D_B,5.978819769740105,l2_norm,train,,task3_gan\Yuyao_Ding\outputs\task3_formal_20260927T075834Z_d335ae80\evaluation_20260927T130841Z_a267de\evaluation.json
task3_formal_20260927T075834Z_d335ae80,epoch_059,G_A2B_adversarial,0.46686391879990696,loss,train,,task3_gan\Yuyao_Ding\outputs\task3_formal_20260927T075834Z_d335ae80\evaluation_20260927T130841Z_a267de\evaluation.json
task3_formal_20260927T075834Z_d335ae80,epoch_059,G_B2A_adversarial,0.51568421943672,loss,train,,task3_gan\Yuyao_Ding\outputs\task3_formal_20260927T075834Z_d335ae80\evaluation_20260927T130841Z_a267de\evaluation.json
task3_formal_20260927T075834Z_d335ae80,epoch_059,D_A,0.15314007158577442,loss,train,,task3_gan\Yuyao_Ding\outputs\task3_formal_20260927T075834Z_d335ae80\evaluation_20260927T130841Z_a267de\evaluation.json
task3_formal_20260927T075834Z_d335ae80,epoch_059,D_B,0.16938918550126256,loss,train,,task3_gan\Yuyao_Ding\outputs\task3_formal_20260927T075834Z_d335ae80\evaluation_20260927T130841Z_a267de\evaluation.json
task3_formal_20260927T075834Z_d335ae80,epoch_059,G_total,3.9875638992786406,loss,train,,task3_gan\Yuyao_Ding\outputs\task3_formal_20260927T075834Z_d335ae80\evaluation_20260927T130841Z_a267de\evaluation.json
task3_formal_20260927T075834Z_d335ae80,epoch_059,cycle_A,0.08789014550670982,loss,train,,task3_gan\Yuyao_Ding\outputs\task3_formal_20260927T075834Z_d335ae80\evaluation_20260927T130841Z_a267de\evaluation.json
task3_formal_20260927T075834Z_d335ae80,epoch_059,cycle_B,0.1186549543440342,loss,train,,task3_gan\Yuyao_Ding\outputs\task3_formal_20260927T075834Z_d335ae80\evaluation_20260927T130841Z_a267de\evaluation.json
task3_formal_20260927T075834Z_d335ae80,epoch_059,identity_A,0.08489303063973784,loss,train,,task3_gan\Yuyao_Ding\outputs\task3_formal_20260927T075834Z_d335ae80\evaluation_20260927T130841Z_a267de\evaluation.json
task3_formal_20260927T075834Z_d335ae80,epoch_059,identity_B,0.10301992046460509,loss,train,,task3_gan\Yuyao_Ding\outputs\task3_formal_20260927T075834Z_d335ae80\evaluation_20260927T130841Z_a267de\evaluation.json
task3_formal_20260927T075834Z_d335ae80,epoch_059,gradient_norm_G_A2B,15.010456016778946,l2_norm,train,,task3_gan\Yuyao_Ding\outputs\task3_formal_20260927T075834Z_d335ae80\evaluation_20260927T130841Z_a267de\evaluation.json
task3_formal_20260927T075834Z_d335ae80,epoch_059,gradient_norm_G_B2A,15.356006666183472,l2_norm,train,,task3_gan\Yuyao_Ding\outputs\task3_formal_20260927T075834Z_d335ae80\evaluation_20260927T130841Z_a267de\evaluation.json
task3_formal_20260927T075834Z_d335ae80,epoch_059,gradient_norm_D_A,6.536415558576584,l2_norm,train,,task3_gan\Yuyao_Ding\outputs\task3_formal_20260927T075834Z_d335ae80\evaluation_20260927T130841Z_a267de\evaluation.json
task3_formal_20260927T075834Z_d335ae80,epoch_059,gradient_norm_D_B,5.955231028079987,l2_norm,train,,task3_gan\Yuyao_Ding\outputs\task3_formal_20260927T075834Z_d335ae80\evaluation_20260927T130841Z_a267de\evaluation.json
task3_formal_20260927T075834Z_d335ae80,epoch_060,G_A2B_adversarial,0.4601338604111224,loss,train,,task3_gan\Yuyao_Ding\outputs\task3_formal_20260927T075834Z_d335ae80\evaluation_20260927T130841Z_a267de\evaluation.json
task3_formal_20260927T075834Z_d335ae80,epoch_060,G_B2A_adversarial,0.5168789585232735,loss,train,,task3_gan\Yuyao_Ding\outputs\task3_formal_20260927T075834Z_d335ae80\evaluation_20260927T130841Z_a267de\evaluation.json
task3_formal_20260927T075834Z_d335ae80,epoch_060,D_A,0.1517981662377715,loss,train,,task3_gan\Yuyao_Ding\outputs\task3_formal_20260927T075834Z_d335ae80\evaluation_20260927T130841Z_a267de\evaluation.json
task3_formal_20260927T075834Z_d335ae80,epoch_060,D_B,0.17130055643897504,loss,train,,task3_gan\Yuyao_Ding\outputs\task3_formal_20260927T075834Z_d335ae80\evaluation_20260927T130841Z_a267de\evaluation.json
task3_formal_20260927T075834Z_d335ae80,epoch_060,G_total,3.948829007148743,loss,train,,task3_gan\Yuyao_Ding\outputs\task3_formal_20260927T075834Z_d335ae80\evaluation_20260927T130841Z_a267de\evaluation.json
task3_formal_20260927T075834Z_d335ae80,epoch_060,cycle_A,0.0872929510846734,loss,train,,task3_gan\Yuyao_Ding\outputs\task3_formal_20260927T075834Z_d335ae80\evaluation_20260927T130841Z_a267de\evaluation.json
task3_formal_20260927T075834Z_d335ae80,epoch_060,cycle_B,0.11717988992854952,loss,train,,task3_gan\Yuyao_Ding\outputs\task3_formal_20260927T075834Z_d335ae80\evaluation_20260927T130841Z_a267de\evaluation.json
task3_formal_20260927T075834Z_d335ae80,epoch_060,identity_A,0.08489021789655089,loss,train,,task3_gan\Yuyao_Ding\outputs\task3_formal_20260927T075834Z_d335ae80\evaluation_20260927T130841Z_a267de\evaluation.json
task3_formal_20260927T075834Z_d335ae80,epoch_060,identity_B,0.10052733633480966,loss,train,,task3_gan\Yuyao_Ding\outputs\task3_formal_20260927T075834Z_d335ae80\evaluation_20260927T130841Z_a267de\evaluation.json
task3_formal_20260927T075834Z_d335ae80,epoch_060,gradient_norm_G_A2B,14.62708414697647,l2_norm,train,,task3_gan\Yuyao_Ding\outputs\task3_formal_20260927T075834Z_d335ae80\evaluation_20260927T130841Z_a267de\evaluation.json
task3_formal_20260927T075834Z_d335ae80,epoch_060,gradient_norm_G_B2A,15.63959013748169,l2_norm,train,,task3_gan\Yuyao_Ding\outputs\task3_formal_20260927T075834Z_d335ae80\evaluation_20260927T130841Z_a267de\evaluation.json
task3_formal_20260927T075834Z_d335ae80,epoch_060,gradient_norm_D_A,6.522717965841293,l2_norm,train,,task3_gan\Yuyao_Ding\outputs\task3_formal_20260927T075834Z_d335ae80\evaluation_20260927T130841Z_a267de\evaluation.json
task3_formal_20260927T075834Z_d335ae80,epoch_060,gradient_norm_D_B,6.0417527414560315,l2_norm,train,,task3_gan\Yuyao_Ding\outputs\task3_formal_20260927T075834Z_d335ae80\evaluation_20260927T130841Z_a267de\evaluation.json
task3_formal_20260927T075834Z_d335ae80,epoch_061,G_A2B_adversarial,0.46900795455649497,loss,train,,task3_gan\Yuyao_Ding\outputs\task3_formal_20260927T075834Z_d335ae80\evaluation_20260927T130841Z_a267de\evaluation.json
task3_formal_20260927T075834Z_d335ae80,epoch_061,G_B2A_adversarial,0.5336781523860991,loss,train,,task3_gan\Yuyao_Ding\outputs\task3_formal_20260927T075834Z_d335ae80\evaluation_20260927T130841Z_a267de\evaluation.json
task3_formal_20260927T075834Z_d335ae80,epoch_061,D_A,0.14447566793859004,loss,train,,task3_gan\Yuyao_Ding\outputs\task3_formal_20260927T075834Z_d335ae80\evaluation_20260927T130841Z_a267de\evaluation.json
task3_formal_20260927T075834Z_d335ae80,epoch_061,D_B,0.1711699910815805,loss,train,,task3_gan\Yuyao_Ding\outputs\task3_formal_20260927T075834Z_d335ae80\evaluation_20260927T130841Z_a267de\evaluation.json
task3_formal_20260927T075834Z_d335ae80,epoch_061,G_total,4.002711600780487,loss,train,,task3_gan\Yuyao_Ding\outputs\task3_formal_20260927T075834Z_d335ae80\evaluation_20260927T130841Z_a267de\evaluation.json
task3_formal_20260927T075834Z_d335ae80,epoch_061,cycle_A,0.08672187374904752,loss,train,,task3_gan\Yuyao_Ding\outputs\task3_formal_20260927T075834Z_d335ae80\evaluation_20260927T130841Z_a267de\evaluation.json
task3_formal_20260927T075834Z_d335ae80,epoch_061,cycle_B,0.11976353338733316,loss,train,,task3_gan\Yuyao_Ding\outputs\task3_formal_20260927T075834Z_d335ae80\evaluation_20260927T130841Z_a267de\evaluation.json
task3_formal_20260927T075834Z_d335ae80,epoch_061,identity_A,0.08396067934855819,loss,train,,task3_gan\Yuyao_Ding\outputs\task3_formal_20260927T075834Z_d335ae80\evaluation_20260927T130841Z_a267de\evaluation.json
task3_formal_20260927T075834Z_d335ae80,epoch_061,identity_B,0.10307360395789146,loss,train,,task3_gan\Yuyao_Ding\outputs\task3_formal_20260927T075834Z_d335ae80\evaluation_20260927T130841Z_a267de\evaluation.json
task3_formal_20260927T075834Z_d335ae80,epoch_061,gradient_norm_G_A2B,14.868624088764191,l2_norm,train,,task3_gan\Yuyao_Ding\outputs\task3_formal_20260927T075834Z_d335ae80\evaluation_20260927T130841Z_a267de\evaluation.json
task3_formal_20260927T075834Z_d335ae80,epoch_061,gradient_norm_G_B2A,15.804926210403442,l2_norm,train,,task3_gan\Yuyao_Ding\outputs\task3_formal_20260927T075834Z_d335ae80\evaluation_20260927T130841Z_a267de\evaluation.json
task3_formal_20260927T075834Z_d335ae80,epoch_061,gradient_norm_D_A,6.490110009431839,l2_norm,train,,task3_gan\Yuyao_Ding\outputs\task3_formal_20260927T075834Z_d335ae80\evaluation_20260927T130841Z_a267de\evaluation.json
task3_formal_20260927T075834Z_d335ae80,epoch_061,gradient_norm_D_B,5.8414312052726745,l2_norm,train,,task3_gan\Yuyao_Ding\outputs\task3_formal_20260927T075834Z_d335ae80\evaluation_20260927T130841Z_a267de\evaluation.json
task3_formal_20260927T075834Z_d335ae80,epoch_062,G_A2B_adversarial,0.47011405182257293,loss,train,,task3_gan\Yuyao_Ding\outputs\task3_formal_20260927T075834Z_d335ae80\evaluation_20260927T130841Z_a267de\evaluation.json
task3_formal_20260927T075834Z_d335ae80,epoch_062,G_B2A_adversarial,0.5305339715816081,loss,train,,task3_gan\Yuyao_Ding\outputs\task3_formal_20260927T075834Z_d335ae80\evaluation_20260927T130841Z_a267de\evaluation.json
task3_formal_20260927T075834Z_d335ae80,epoch_062,D_A,0.14526137493550778,loss,train,,task3_gan\Yuyao_Ding\outputs\task3_formal_20260927T075834Z_d335ae80\evaluation_20260927T130841Z_a267de\evaluation.json
task3_formal_20260927T075834Z_d335ae80,epoch_062,D_B,0.1684345416445285,loss,train,,task3_gan\Yuyao_Ding\outputs\task3_formal_20260927T075834Z_d335ae80\evaluation_20260927T130841Z_a267de\evaluation.json
task3_formal_20260927T075834Z_d335ae80,epoch_062,G_total,3.9193485567569732,loss,train,,task3_gan\Yuyao_Ding\outputs\task3_formal_20260927T075834Z_d335ae80\evaluation_20260927T130841Z_a267de\evaluation.json
task3_formal_20260927T075834Z_d335ae80,epoch_062,cycle_A,0.08529597213119268,loss,train,,task3_gan\Yuyao_Ding\outputs\task3_formal_20260927T075834Z_d335ae80\evaluation_20260927T130841Z_a267de\evaluation.json
task3_formal_20260927T075834Z_d335ae80,epoch_062,cycle_B,0.11608257120847702,loss,train,,task3_gan\Yuyao_Ding\outputs\task3_formal_20260927T075834Z_d335ae80\evaluation_20260927T130841Z_a267de\evaluation.json
task3_formal_20260927T075834Z_d335ae80,epoch_062,identity_A,0.08206251943483948,loss,train,,task3_gan\Yuyao_Ding\outputs\task3_formal_20260927T075834Z_d335ae80\evaluation_20260927T130841Z_a267de\evaluation.json
task3_formal_20260927T075834Z_d335ae80,epoch_062,identity_B,0.09892049904167652,loss,train,,task3_gan\Yuyao_Ding\outputs\task3_formal_20260927T075834Z_d335ae80\evaluation_20260927T130841Z_a267de\evaluation.json
task3_formal_20260927T075834Z_d335ae80,epoch_062,gradient_norm_G_A2B,14.530542609214782,l2_norm,train,,task3_gan\Yuyao_Ding\outputs\task3_formal_20260927T075834Z_d335ae80\evaluation_20260927T130841Z_a267de\evaluation.json
task3_formal_20260927T075834Z_d335ae80,epoch_062,gradient_norm_G_B2A,15.319897803783416,l2_norm,train,,task3_gan\Yuyao_Ding\outputs\task3_formal_20260927T075834Z_d335ae80\evaluation_20260927T130841Z_a267de\evaluation.json
task3_formal_20260927T075834Z_d335ae80,epoch_062,gradient_norm_D_A,6.602828338265419,l2_norm,train,,task3_gan\Yuyao_Ding\outputs\task3_formal_20260927T075834Z_d335ae80\evaluation_20260927T130841Z_a267de\evaluation.json
task3_formal_20260927T075834Z_d335ae80,epoch_062,gradient_norm_D_B,5.853752029538154,l2_norm,train,,task3_gan\Yuyao_Ding\outputs\task3_formal_20260927T075834Z_d335ae80\evaluation_20260927T130841Z_a267de\evaluation.json
task3_formal_20260927T075834Z_d335ae80,epoch_063,G_A2B_adversarial,0.47295930237695577,loss,train,,task3_gan\Yuyao_Ding\outputs\task3_formal_20260927T075834Z_d335ae80\evaluation_20260927T130841Z_a267de\evaluation.json
task3_formal_20260927T075834Z_d335ae80,epoch_063,G_B2A_adversarial,0.5376832588035614,loss,train,,task3_gan\Yuyao_Ding\outputs\task3_formal_20260927T075834Z_d335ae80\evaluation_20260927T130841Z_a267de\evaluation.json
task3_formal_20260927T075834Z_d335ae80,epoch_063,D_A,0.1430831018909812,loss,train,,task3_gan\Yuyao_Ding\outputs\task3_formal_20260927T075834Z_d335ae80\evaluation_20260927T130841Z_a267de\evaluation.json
task3_formal_20260927T075834Z_d335ae80,epoch_063,D_B,0.166756421841681,loss,train,,task3_gan\Yuyao_Ding\outputs\task3_formal_20260927T075834Z_d335ae80\evaluation_20260927T130841Z_a267de\evaluation.json
task3_formal_20260927T075834Z_d335ae80,epoch_063,G_total,3.9630210645198822,loss,train,,task3_gan\Yuyao_Ding\outputs\task3_formal_20260927T075834Z_d335ae80\evaluation_20260927T130841Z_a267de\evaluation.json
task3_formal_20260927T075834Z_d335ae80,epoch_063,cycle_A,0.0860503478758037,loss,train,,task3_gan\Yuyao_Ding\outputs\task3_formal_20260927T075834Z_d335ae80\evaluation_20260927T130841Z_a267de\evaluation.json
task3_formal_20260927T075834Z_d335ae80,epoch_063,cycle_B,0.11756227258592844,loss,train,,task3_gan\Yuyao_Ding\outputs\task3_formal_20260927T075834Z_d335ae80\evaluation_20260927T130841Z_a267de\evaluation.json
task3_formal_20260927T075834Z_d335ae80,epoch_063,identity_A,0.08260653749480844,loss,train,,task3_gan\Yuyao_Ding\outputs\task3_formal_20260927T075834Z_d335ae80\evaluation_20260927T130841Z_a267de\evaluation.json
task3_formal_20260927T075834Z_d335ae80,epoch_063,identity_B,0.1006439212244004,loss,train,,task3_gan\Yuyao_Ding\outputs\task3_formal_20260927T075834Z_d335ae80\evaluation_20260927T130841Z_a267de\evaluation.json
task3_formal_20260927T075834Z_d335ae80,epoch_063,gradient_norm_G_A2B,14.999864100456238,l2_norm,train,,task3_gan\Yuyao_Ding\outputs\task3_formal_20260927T075834Z_d335ae80\evaluation_20260927T130841Z_a267de\evaluation.json
task3_formal_20260927T075834Z_d335ae80,epoch_063,gradient_norm_G_B2A,15.68805996131897,l2_norm,train,,task3_gan\Yuyao_Ding\outputs\task3_formal_20260927T075834Z_d335ae80\evaluation_20260927T130841Z_a267de\evaluation.json
task3_formal_20260927T075834Z_d335ae80,epoch_063,gradient_norm_D_A,6.397377579092979,l2_norm,train,,task3_gan\Yuyao_Ding\outputs\task3_formal_20260927T075834Z_d335ae80\evaluation_20260927T130841Z_a267de\evaluation.json
task3_formal_20260927T075834Z_d335ae80,epoch_063,gradient_norm_D_B,5.892722050189972,l2_norm,train,,task3_gan\Yuyao_Ding\outputs\task3_formal_20260927T075834Z_d335ae80\evaluation_20260927T130841Z_a267de\evaluation.json
task3_formal_20260927T075834Z_d335ae80,epoch_064,G_A2B_adversarial,0.47551083455607296,loss,train,,task3_gan\Yuyao_Ding\outputs\task3_formal_20260927T075834Z_d335ae80\evaluation_20260927T130841Z_a267de\evaluation.json
task3_formal_20260927T075834Z_d335ae80,epoch_064,G_B2A_adversarial,0.533257909886539,loss,train,,task3_gan\Yuyao_Ding\outputs\task3_formal_20260927T075834Z_d335ae80\evaluation_20260927T130841Z_a267de\evaluation.json
task3_formal_20260927T075834Z_d335ae80,epoch_064,D_A,0.14455690120905637,loss,train,,task3_gan\Yuyao_Ding\outputs\task3_formal_20260927T075834Z_d335ae80\evaluation_20260927T130841Z_a267de\evaluation.json
task3_formal_20260927T075834Z_d335ae80,epoch_064,D_B,0.16654554155096413,loss,train,,task3_gan\Yuyao_Ding\outputs\task3_formal_20260927T075834Z_d335ae80\evaluation_20260927T130841Z_a267de\evaluation.json
task3_formal_20260927T075834Z_d335ae80,epoch_064,G_total,3.8596623775959014,loss,train,,task3_gan\Yuyao_Ding\outputs\task3_formal_20260927T075834Z_d335ae80\evaluation_20260927T130841Z_a267de\evaluation.json
task3_formal_20260927T075834Z_d335ae80,epoch_064,cycle_A,0.08417657751590013,loss,train,,task3_gan\Yuyao_Ding\outputs\task3_formal_20260927T075834Z_d335ae80\evaluation_20260927T130841Z_a267de\evaluation.json
task3_formal_20260927T075834Z_d335ae80,epoch_064,cycle_B,0.11209279006719589,loss,train,,task3_gan\Yuyao_Ding\outputs\task3_formal_20260927T075834Z_d335ae80\evaluation_20260927T130841Z_a267de\evaluation.json
task3_formal_20260927T075834Z_d335ae80,epoch_064,identity_A,0.08057228778302669,loss,train,,task3_gan\Yuyao_Ding\outputs\task3_formal_20260927T075834Z_d335ae80\evaluation_20260927T130841Z_a267de\evaluation.json
task3_formal_20260927T075834Z_d335ae80,epoch_064,identity_B,0.09706770055927336,loss,train,,task3_gan\Yuyao_Ding\outputs\task3_formal_20260927T075834Z_d335ae80\evaluation_20260927T130841Z_a267de\evaluation.json
task3_formal_20260927T075834Z_d335ae80,epoch_064,gradient_norm_G_A2B,14.068668940544129,l2_norm,train,,task3_gan\Yuyao_Ding\outputs\task3_formal_20260927T075834Z_d335ae80\evaluation_20260927T130841Z_a267de\evaluation.json
task3_formal_20260927T075834Z_d335ae80,epoch_064,gradient_norm_G_B2A,15.181610130310059,l2_norm,train,,task3_gan\Yuyao_Ding\outputs\task3_formal_20260927T075834Z_d335ae80\evaluation_20260927T130841Z_a267de\evaluation.json
task3_formal_20260927T075834Z_d335ae80,epoch_064,gradient_norm_D_A,6.339480535984039,l2_norm,train,,task3_gan\Yuyao_Ding\outputs\task3_formal_20260927T075834Z_d335ae80\evaluation_20260927T130841Z_a267de\evaluation.json
task3_formal_20260927T075834Z_d335ae80,epoch_064,gradient_norm_D_B,5.8517289309501646,l2_norm,train,,task3_gan\Yuyao_Ding\outputs\task3_formal_20260927T075834Z_d335ae80\evaluation_20260927T130841Z_a267de\evaluation.json
task3_formal_20260927T075834Z_d335ae80,epoch_065,G_A2B_adversarial,0.4777356840856373,loss,train,,task3_gan\Yuyao_Ding\outputs\task3_formal_20260927T075834Z_d335ae80\evaluation_20260927T130841Z_a267de\evaluation.json
task3_formal_20260927T075834Z_d335ae80,epoch_065,G_B2A_adversarial,0.5534652645662427,loss,train,,task3_gan\Yuyao_Ding\outputs\task3_formal_20260927T075834Z_d335ae80\evaluation_20260927T130841Z_a267de\evaluation.json
task3_formal_20260927T075834Z_d335ae80,epoch_065,D_A,0.13528262884542347,loss,train,,task3_gan\Yuyao_Ding\outputs\task3_formal_20260927T075834Z_d335ae80\evaluation_20260927T130841Z_a267de\evaluation.json
task3_formal_20260927T075834Z_d335ae80,epoch_065,D_B,0.16598444113321603,loss,train,,task3_gan\Yuyao_Ding\outputs\task3_formal_20260927T075834Z_d335ae80\evaluation_20260927T130841Z_a267de\evaluation.json
task3_formal_20260927T075834Z_d335ae80,epoch_065,G_total,3.9960088763237,loss,train,,task3_gan\Yuyao_Ding\outputs\task3_formal_20260927T075834Z_d335ae80\evaluation_20260927T130841Z_a267de\evaluation.json
task3_formal_20260927T075834Z_d335ae80,epoch_065,cycle_A,0.08415822676941752,loss,train,,task3_gan\Yuyao_Ding\outputs\task3_formal_20260927T075834Z_d335ae80\evaluation_20260927T130841Z_a267de\evaluation.json
task3_formal_20260927T075834Z_d335ae80,epoch_065,cycle_B,0.12005555287376046,loss,train,,task3_gan\Yuyao_Ding\outputs\task3_formal_20260927T075834Z_d335ae80\evaluation_20260927T130841Z_a267de\evaluation.json
task3_formal_20260927T075834Z_d335ae80,epoch_065,identity_A,0.08214846122637391,loss,train,,task3_gan\Yuyao_Ding\outputs\task3_formal_20260927T075834Z_d335ae80\evaluation_20260927T130841Z_a267de\evaluation.json
task3_formal_20260927T075834Z_d335ae80,epoch_065,identity_B,0.10238556449860334,loss,train,,task3_gan\Yuyao_Ding\outputs\task3_formal_20260927T075834Z_d335ae80\evaluation_20260927T130841Z_a267de\evaluation.json
task3_formal_20260927T075834Z_d335ae80,epoch_065,gradient_norm_G_A2B,14.610998167276382,l2_norm,train,,task3_gan\Yuyao_Ding\outputs\task3_formal_20260927T075834Z_d335ae80\evaluation_20260927T130841Z_a267de\evaluation.json
task3_formal_20260927T075834Z_d335ae80,epoch_065,gradient_norm_G_B2A,15.90641942691803,l2_norm,train,,task3_gan\Yuyao_Ding\outputs\task3_formal_20260927T075834Z_d335ae80\evaluation_20260927T130841Z_a267de\evaluation.json
task3_formal_20260927T075834Z_d335ae80,epoch_065,gradient_norm_D_A,6.346603600621224,l2_norm,train,,task3_gan\Yuyao_Ding\outputs\task3_formal_20260927T075834Z_d335ae80\evaluation_20260927T130841Z_a267de\evaluation.json
task3_formal_20260927T075834Z_d335ae80,epoch_065,gradient_norm_D_B,5.697247929692268,l2_norm,train,,task3_gan\Yuyao_Ding\outputs\task3_formal_20260927T075834Z_d335ae80\evaluation_20260927T130841Z_a267de\evaluation.json
task3_formal_20260927T075834Z_d335ae80,epoch_066,G_A2B_adversarial,0.4657524139992893,loss,train,,task3_gan\Yuyao_Ding\outputs\task3_formal_20260927T075834Z_d335ae80\evaluation_20260927T130841Z_a267de\evaluation.json
task3_formal_20260927T075834Z_d335ae80,epoch_066,G_B2A_adversarial,0.5476087832227349,loss,train,,task3_gan\Yuyao_Ding\outputs\task3_formal_20260927T075834Z_d335ae80\evaluation_20260927T130841Z_a267de\evaluation.json
task3_formal_20260927T075834Z_d335ae80,epoch_066,D_A,0.13975252865999938,loss,train,,task3_gan\Yuyao_Ding\outputs\task3_formal_20260927T075834Z_d335ae80\evaluation_20260927T130841Z_a267de\evaluation.json
task3_formal_20260927T075834Z_d335ae80,epoch_066,D_B,0.1668511275239289,loss,train,,task3_gan\Yuyao_Ding\outputs\task3_formal_20260927T075834Z_d335ae80\evaluation_20260927T130841Z_a267de\evaluation.json
task3_formal_20260927T075834Z_d335ae80,epoch_066,G_total,3.914617606163025,loss,train,,task3_gan\Yuyao_Ding\outputs\task3_formal_20260927T075834Z_d335ae80\evaluation_20260927T130841Z_a267de\evaluation.json
task3_formal_20260927T075834Z_d335ae80,epoch_066,cycle_A,0.08357491262629628,loss,train,,task3_gan\Yuyao_Ding\outputs\task3_formal_20260927T075834Z_d335ae80\evaluation_20260927T130841Z_a267de\evaluation.json
task3_formal_20260927T075834Z_d335ae80,epoch_066,cycle_B,0.11654571585357189,loss,train,,task3_gan\Yuyao_Ding\outputs\task3_formal_20260927T075834Z_d335ae80\evaluation_20260927T130841Z_a267de\evaluation.json
task3_formal_20260927T075834Z_d335ae80,epoch_066,identity_A,0.07981042293086647,loss,train,,task3_gan\Yuyao_Ding\outputs\task3_formal_20260927T075834Z_d335ae80\evaluation_20260927T130841Z_a267de\evaluation.json
task3_formal_20260927T075834Z_d335ae80,epoch_066,identity_B,0.10019960138574242,loss,train,,task3_gan\Yuyao_Ding\outputs\task3_formal_20260927T075834Z_d335ae80\evaluation_20260927T130841Z_a267de\evaluation.json
task3_formal_20260927T075834Z_d335ae80,epoch_066,gradient_norm_G_A2B,14.677441558837891,l2_norm,train,,task3_gan\Yuyao_Ding\outputs\task3_formal_20260927T075834Z_d335ae80\evaluation_20260927T130841Z_a267de\evaluation.json
task3_formal_20260927T075834Z_d335ae80,epoch_066,gradient_norm_G_B2A,15.842549537181855,l2_norm,train,,task3_gan\Yuyao_Ding\outputs\task3_formal_20260927T075834Z_d335ae80\evaluation_20260927T130841Z_a267de\evaluation.json
task3_formal_20260927T075834Z_d335ae80,epoch_066,gradient_norm_D_A,6.32834458220005,l2_norm,train,,task3_gan\Yuyao_Ding\outputs\task3_formal_20260927T075834Z_d335ae80\evaluation_20260927T130841Z_a267de\evaluation.json
task3_formal_20260927T075834Z_d335ae80,epoch_066,gradient_norm_D_B,5.648954827427864,l2_norm,train,,task3_gan\Yuyao_Ding\outputs\task3_formal_20260927T075834Z_d335ae80\evaluation_20260927T130841Z_a267de\evaluation.json
task3_formal_20260927T075834Z_d335ae80,epoch_067,G_A2B_adversarial,0.4692033959999681,loss,train,,task3_gan\Yuyao_Ding\outputs\task3_formal_20260927T075834Z_d335ae80\evaluation_20260927T130841Z_a267de\evaluation.json
task3_formal_20260927T075834Z_d335ae80,epoch_067,G_B2A_adversarial,0.568228584241122,loss,train,,task3_gan\Yuyao_Ding\outputs\task3_formal_20260927T075834Z_d335ae80\evaluation_20260927T130841Z_a267de\evaluation.json
task3_formal_20260927T075834Z_d335ae80,epoch_067,D_A,0.13476373418979345,loss,train,,task3_gan\Yuyao_Ding\outputs\task3_formal_20260927T075834Z_d335ae80\evaluation_20260927T130841Z_a267de\evaluation.json
task3_formal_20260927T075834Z_d335ae80,epoch_067,D_B,0.1650168034452945,loss,train,,task3_gan\Yuyao_Ding\outputs\task3_formal_20260927T075834Z_d335ae80\evaluation_20260927T130841Z_a267de\evaluation.json
task3_formal_20260927T075834Z_d335ae80,epoch_067,G_total,3.84656312417984,loss,train,,task3_gan\Yuyao_Ding\outputs\task3_formal_20260927T075834Z_d335ae80\evaluation_20260927T130841Z_a267de\evaluation.json
task3_formal_20260927T075834Z_d335ae80,epoch_067,cycle_A,0.08224086302146316,loss,train,,task3_gan\Yuyao_Ding\outputs\task3_formal_20260927T075834Z_d335ae80\evaluation_20260927T130841Z_a267de\evaluation.json
task3_formal_20260927T075834Z_d335ae80,epoch_067,cycle_B,0.11148309572786093,loss,train,,task3_gan\Yuyao_Ding\outputs\task3_formal_20260927T075834Z_d335ae80\evaluation_20260927T130841Z_a267de\evaluation.json
task3_formal_20260927T075834Z_d335ae80,epoch_067,identity_A,0.07937550099939109,loss,train,,task3_gan\Yuyao_Ding\outputs\task3_formal_20260927T075834Z_d335ae80\evaluation_20260927T130841Z_a267de\evaluation.json
task3_formal_20260927T075834Z_d335ae80,epoch_067,identity_B,0.09500280614569784,loss,train,,task3_gan\Yuyao_Ding\outputs\task3_formal_20260927T075834Z_d335ae80\evaluation_20260927T130841Z_a267de\evaluation.json
task3_formal_20260927T075834Z_d335ae80,epoch_067,gradient_norm_G_A2B,14.106980718851089,l2_norm,train,,task3_gan\Yuyao_Ding\outputs\task3_formal_20260927T075834Z_d335ae80\evaluation_20260927T130841Z_a267de\evaluation.json
task3_formal_20260927T075834Z_d335ae80,epoch_067,gradient_norm_G_B2A,15.549356608867646,l2_norm,train,,task3_gan\Yuyao_Ding\outputs\task3_formal_20260927T075834Z_d335ae80\evaluation_20260927T130841Z_a267de\evaluation.json
task3_formal_20260927T075834Z_d335ae80,epoch_067,gradient_norm_D_A,6.36409624016285,l2_norm,train,,task3_gan\Yuyao_Ding\outputs\task3_formal_20260927T075834Z_d335ae80\evaluation_20260927T130841Z_a267de\evaluation.json
task3_formal_20260927T075834Z_d335ae80,epoch_067,gradient_norm_D_B,5.608726545333862,l2_norm,train,,task3_gan\Yuyao_Ding\outputs\task3_formal_20260927T075834Z_d335ae80\evaluation_20260927T130841Z_a267de\evaluation.json
task3_formal_20260927T075834Z_d335ae80,epoch_068,G_A2B_adversarial,0.4784099832735956,loss,train,,task3_gan\Yuyao_Ding\outputs\task3_formal_20260927T075834Z_d335ae80\evaluation_20260927T130841Z_a267de\evaluation.json
task3_formal_20260927T075834Z_d335ae80,epoch_068,G_B2A_adversarial,0.5586873545609414,loss,train,,task3_gan\Yuyao_Ding\outputs\task3_formal_20260927T075834Z_d335ae80\evaluation_20260927T130841Z_a267de\evaluation.json
task3_formal_20260927T075834Z_d335ae80,epoch_068,D_A,0.13274238179065287,loss,train,,task3_gan\Yuyao_Ding\outputs\task3_formal_20260927T075834Z_d335ae80\evaluation_20260927T130841Z_a267de\evaluation.json
task3_formal_20260927T075834Z_d335ae80,epoch_068,D_B,0.1626432188022882,loss,train,,task3_gan\Yuyao_Ding\outputs\task3_formal_20260927T075834Z_d335ae80\evaluation_20260927T130841Z_a267de\evaluation.json
task3_formal_20260927T075834Z_d335ae80,epoch_068,G_total,3.8599449682235716,loss,train,,task3_gan\Yuyao_Ding\outputs\task3_formal_20260927T075834Z_d335ae80\evaluation_20260927T130841Z_a267de\evaluation.json
task3_formal_20260927T075834Z_d335ae80,epoch_068,cycle_A,0.08235991038382054,loss,train,,task3_gan\Yuyao_Ding\outputs\task3_formal_20260927T075834Z_d335ae80\evaluation_20260927T130841Z_a267de\evaluation.json
task3_formal_20260927T075834Z_d335ae80,epoch_068,cycle_B,0.11307751816511154,loss,train,,task3_gan\Yuyao_Ding\outputs\task3_formal_20260927T075834Z_d335ae80\evaluation_20260927T130841Z_a267de\evaluation.json
task3_formal_20260927T075834Z_d335ae80,epoch_068,identity_A,0.07817291402444243,loss,train,,task3_gan\Yuyao_Ding\outputs\task3_formal_20260927T075834Z_d335ae80\evaluation_20260927T130841Z_a267de\evaluation.json
task3_formal_20260927T075834Z_d335ae80,epoch_068,identity_B,0.09552175430580974,loss,train,,task3_gan\Yuyao_Ding\outputs\task3_formal_20260927T075834Z_d335ae80\evaluation_20260927T130841Z_a267de\evaluation.json
task3_formal_20260927T075834Z_d335ae80,epoch_068,gradient_norm_G_A2B,14.339012200832366,l2_norm,train,,task3_gan\Yuyao_Ding\outputs\task3_formal_20260927T075834Z_d335ae80\evaluation_20260927T130841Z_a267de\evaluation.json
task3_formal_20260927T075834Z_d335ae80,epoch_068,gradient_norm_G_B2A,15.737831318855285,l2_norm,train,,task3_gan\Yuyao_Ding\outputs\task3_formal_20260927T075834Z_d335ae80\evaluation_20260927T130841Z_a267de\evaluation.json
task3_formal_20260927T075834Z_d335ae80,epoch_068,gradient_norm_D_A,6.206194135189056,l2_norm,train,,task3_gan\Yuyao_Ding\outputs\task3_formal_20260927T075834Z_d335ae80\evaluation_20260927T130841Z_a267de\evaluation.json
task3_formal_20260927T075834Z_d335ae80,epoch_068,gradient_norm_D_B,5.739015444874764,l2_norm,train,,task3_gan\Yuyao_Ding\outputs\task3_formal_20260927T075834Z_d335ae80\evaluation_20260927T130841Z_a267de\evaluation.json
task3_formal_20260927T075834Z_d335ae80,epoch_069,G_A2B_adversarial,0.4747340894192457,loss,train,,task3_gan\Yuyao_Ding\outputs\task3_formal_20260927T075834Z_d335ae80\evaluation_20260927T130841Z_a267de\evaluation.json
task3_formal_20260927T075834Z_d335ae80,epoch_069,G_B2A_adversarial,0.5626676279269159,loss,train,,task3_gan\Yuyao_Ding\outputs\task3_formal_20260927T075834Z_d335ae80\evaluation_20260927T130841Z_a267de\evaluation.json
task3_formal_20260927T075834Z_d335ae80,epoch_069,D_A,0.13331296447105706,loss,train,,task3_gan\Yuyao_Ding\outputs\task3_formal_20260927T075834Z_d335ae80\evaluation_20260927T130841Z_a267de\evaluation.json
task3_formal_20260927T075834Z_d335ae80,epoch_069,D_B,0.16509643580392003,loss,train,,task3_gan\Yuyao_Ding\outputs\task3_formal_20260927T075834Z_d335ae80\evaluation_20260927T130841Z_a267de\evaluation.json
task3_formal_20260927T075834Z_d335ae80,epoch_069,G_total,3.8349292356967926,loss,train,,task3_gan\Yuyao_Ding\outputs\task3_formal_20260927T075834Z_d335ae80\evaluation_20260927T130841Z_a267de\evaluation.json
task3_formal_20260927T075834Z_d335ae80,epoch_069,cycle_A,0.08120837948843837,loss,train,,task3_gan\Yuyao_Ding\outputs\task3_formal_20260927T075834Z_d335ae80\evaluation_20260927T130841Z_a267de\evaluation.json
task3_formal_20260927T075834Z_d335ae80,epoch_069,cycle_B,0.11128707765042782,loss,train,,task3_gan\Yuyao_Ding\outputs\task3_formal_20260927T075834Z_d335ae80\evaluation_20260927T130841Z_a267de\evaluation.json
task3_formal_20260927T075834Z_d335ae80,epoch_069,identity_A,0.07868651890009641,loss,train,,task3_gan\Yuyao_Ding\outputs\task3_formal_20260927T075834Z_d335ae80\evaluation_20260927T130841Z_a267de\evaluation.json
task3_formal_20260927T075834Z_d335ae80,epoch_069,identity_B,0.0958280720859766,loss,train,,task3_gan\Yuyao_Ding\outputs\task3_formal_20260927T075834Z_d335ae80\evaluation_20260927T130841Z_a267de\evaluation.json
task3_formal_20260927T075834Z_d335ae80,epoch_069,gradient_norm_G_A2B,14.176163667678834,l2_norm,train,,task3_gan\Yuyao_Ding\outputs\task3_formal_20260927T075834Z_d335ae80\evaluation_20260927T130841Z_a267de\evaluation.json
task3_formal_20260927T075834Z_d335ae80,epoch_069,gradient_norm_G_B2A,15.879463968753814,l2_norm,train,,task3_gan\Yuyao_Ding\outputs\task3_formal_20260927T075834Z_d335ae80\evaluation_20260927T130841Z_a267de\evaluation.json
task3_formal_20260927T075834Z_d335ae80,epoch_069,gradient_norm_D_A,6.293431489348412,l2_norm,train,,task3_gan\Yuyao_Ding\outputs\task3_formal_20260927T075834Z_d335ae80\evaluation_20260927T130841Z_a267de\evaluation.json
task3_formal_20260927T075834Z_d335ae80,epoch_069,gradient_norm_D_B,5.5901228941679,l2_norm,train,,task3_gan\Yuyao_Ding\outputs\task3_formal_20260927T075834Z_d335ae80\evaluation_20260927T130841Z_a267de\evaluation.json
task3_formal_20260927T075834Z_d335ae80,epoch_070,G_A2B_adversarial,0.4703782151862979,loss,train,,task3_gan\Yuyao_Ding\outputs\task3_formal_20260927T075834Z_d335ae80\evaluation_20260927T130841Z_a267de\evaluation.json
task3_formal_20260927T075834Z_d335ae80,epoch_070,G_B2A_adversarial,0.5679383806344122,loss,train,,task3_gan\Yuyao_Ding\outputs\task3_formal_20260927T075834Z_d335ae80\evaluation_20260927T130841Z_a267de\evaluation.json
task3_formal_20260927T075834Z_d335ae80,epoch_070,D_A,0.13270940111577512,loss,train,,task3_gan\Yuyao_Ding\outputs\task3_formal_20260927T075834Z_d335ae80\evaluation_20260927T130841Z_a267de\evaluation.json
task3_formal_20260927T075834Z_d335ae80,epoch_070,D_B,0.1650893077608198,loss,train,,task3_gan\Yuyao_Ding\outputs\task3_formal_20260927T075834Z_d335ae80\evaluation_20260927T130841Z_a267de\evaluation.json
task3_formal_20260927T075834Z_d335ae80,epoch_070,G_total,3.8375285174846647,loss,train,,task3_gan\Yuyao_Ding\outputs\task3_formal_20260927T075834Z_d335ae80\evaluation_20260927T130841Z_a267de\evaluation.json
task3_formal_20260927T075834Z_d335ae80,epoch_070,cycle_A,0.08160003133490681,loss,train,,task3_gan\Yuyao_Ding\outputs\task3_formal_20260927T075834Z_d335ae80\evaluation_20260927T130841Z_a267de\evaluation.json
task3_formal_20260927T075834Z_d335ae80,epoch_070,cycle_B,0.11196726686507463,loss,train,,task3_gan\Yuyao_Ding\outputs\task3_formal_20260927T075834Z_d335ae80\evaluation_20260927T130841Z_a267de\evaluation.json
task3_formal_20260927T075834Z_d335ae80,epoch_070,identity_A,0.07694664084911347,loss,train,,task3_gan\Yuyao_Ding\outputs\task3_formal_20260927T075834Z_d335ae80\evaluation_20260927T130841Z_a267de\evaluation.json
task3_formal_20260927T075834Z_d335ae80,epoch_070,identity_B,0.09576114554330707,loss,train,,task3_gan\Yuyao_Ding\outputs\task3_formal_20260927T075834Z_d335ae80\evaluation_20260927T130841Z_a267de\evaluation.json
task3_formal_20260927T075834Z_d335ae80,epoch_070,gradient_norm_G_A2B,14.31025590801239,l2_norm,train,,task3_gan\Yuyao_Ding\outputs\task3_formal_20260927T075834Z_d335ae80\evaluation_20260927T130841Z_a267de\evaluation.json
task3_formal_20260927T075834Z_d335ae80,epoch_070,gradient_norm_G_B2A,15.918826108455658,l2_norm,train,,task3_gan\Yuyao_Ding\outputs\task3_formal_20260927T075834Z_d335ae80\evaluation_20260927T130841Z_a267de\evaluation.json
task3_formal_20260927T075834Z_d335ae80,epoch_070,gradient_norm_D_A,6.193458544373512,l2_norm,train,,task3_gan\Yuyao_Ding\outputs\task3_formal_20260927T075834Z_d335ae80\evaluation_20260927T130841Z_a267de\evaluation.json
task3_formal_20260927T075834Z_d335ae80,epoch_070,gradient_norm_D_B,5.558845965385437,l2_norm,train,,task3_gan\Yuyao_Ding\outputs\task3_formal_20260927T075834Z_d335ae80\evaluation_20260927T130841Z_a267de\evaluation.json
task3_formal_20260927T075834Z_d335ae80,epoch_071,G_A2B_adversarial,0.46871311305463315,loss,train,,task3_gan\Yuyao_Ding\outputs\task3_formal_20260927T075834Z_d335ae80\evaluation_20260927T130841Z_a267de\evaluation.json
task3_formal_20260927T075834Z_d335ae80,epoch_071,G_B2A_adversarial,0.5859852078109979,loss,train,,task3_gan\Yuyao_Ding\outputs\task3_formal_20260927T075834Z_d335ae80\evaluation_20260927T130841Z_a267de\evaluation.json
task3_formal_20260927T075834Z_d335ae80,epoch_071,D_A,0.12737235020659865,loss,train,,task3_gan\Yuyao_Ding\outputs\task3_formal_20260927T075834Z_d335ae80\evaluation_20260927T130841Z_a267de\evaluation.json
task3_formal_20260927T075834Z_d335ae80,epoch_071,D_B,0.16567163185589015,loss,train,,task3_gan\Yuyao_Ding\outputs\task3_formal_20260927T075834Z_d335ae80\evaluation_20260927T130841Z_a267de\evaluation.json
task3_formal_20260927T075834Z_d335ae80,epoch_071,G_total,3.822115889072418,loss,train,,task3_gan\Yuyao_Ding\outputs\task3_formal_20260927T075834Z_d335ae80\evaluation_20260927T130841Z_a267de\evaluation.json
task3_formal_20260927T075834Z_d335ae80,epoch_071,cycle_A,0.08052922112122178,loss,train,,task3_gan\Yuyao_Ding\outputs\task3_formal_20260927T075834Z_d335ae80\evaluation_20260927T130841Z_a267de\evaluation.json
task3_formal_20260927T075834Z_d335ae80,epoch_071,cycle_B,0.11016171508654952,loss,train,,task3_gan\Yuyao_Ding\outputs\task3_formal_20260927T075834Z_d335ae80\evaluation_20260927T130841Z_a267de\evaluation.json
task3_formal_20260927T075834Z_d335ae80,epoch_071,identity_A,0.07624716018885375,loss,train,,task3_gan\Yuyao_Ding\outputs\task3_formal_20260927T075834Z_d335ae80\evaluation_20260927T130841Z_a267de\evaluation.json
task3_formal_20260927T075834Z_d335ae80,epoch_071,identity_B,0.09585448099114001,loss,train,,task3_gan\Yuyao_Ding\outputs\task3_formal_20260927T075834Z_d335ae80\evaluation_20260927T130841Z_a267de\evaluation.json
task3_formal_20260927T075834Z_d335ae80,epoch_071,gradient_norm_G_A2B,14.229138072490692,l2_norm,train,,task3_gan\Yuyao_Ding\outputs\task3_formal_20260927T075834Z_d335ae80\evaluation_20260927T130841Z_a267de\evaluation.json
task3_formal_20260927T075834Z_d335ae80,epoch_071,gradient_norm_G_B2A,16.038116304397583,l2_norm,train,,task3_gan\Yuyao_Ding\outputs\task3_formal_20260927T075834Z_d335ae80\evaluation_20260927T130841Z_a267de\evaluation.json
task3_formal_20260927T075834Z_d335ae80,epoch_071,gradient_norm_D_A,6.242894882559776,l2_norm,train,,task3_gan\Yuyao_Ding\outputs\task3_formal_20260927T075834Z_d335ae80\evaluation_20260927T130841Z_a267de\evaluation.json
task3_formal_20260927T075834Z_d335ae80,epoch_071,gradient_norm_D_B,5.693677356719971,l2_norm,train,,task3_gan\Yuyao_Ding\outputs\task3_formal_20260927T075834Z_d335ae80\evaluation_20260927T130841Z_a267de\evaluation.json
task3_formal_20260927T075834Z_d335ae80,epoch_072,G_A2B_adversarial,0.4718105936739594,loss,train,,task3_gan\Yuyao_Ding\outputs\task3_formal_20260927T075834Z_d335ae80\evaluation_20260927T130841Z_a267de\evaluation.json
task3_formal_20260927T075834Z_d335ae80,epoch_072,G_B2A_adversarial,0.5691003182157874,loss,train,,task3_gan\Yuyao_Ding\outputs\task3_formal_20260927T075834Z_d335ae80\evaluation_20260927T130841Z_a267de\evaluation.json
task3_formal_20260927T075834Z_d335ae80,epoch_072,D_A,0.12783523590490223,loss,train,,task3_gan\Yuyao_Ding\outputs\task3_formal_20260927T075834Z_d335ae80\evaluation_20260927T130841Z_a267de\evaluation.json
task3_formal_20260927T075834Z_d335ae80,epoch_072,D_B,0.16469179509393872,loss,train,,task3_gan\Yuyao_Ding\outputs\task3_formal_20260927T075834Z_d335ae80\evaluation_20260927T130841Z_a267de\evaluation.json
task3_formal_20260927T075834Z_d335ae80,epoch_072,G_total,3.8151003534793855,loss,train,,task3_gan\Yuyao_Ding\outputs\task3_formal_20260927T075834Z_d335ae80\evaluation_20260927T130841Z_a267de\evaluation.json
task3_formal_20260927T075834Z_d335ae80,epoch_072,cycle_A,0.08022551947832107,loss,train,,task3_gan\Yuyao_Ding\outputs\task3_formal_20260927T075834Z_d335ae80\evaluation_20260927T130841Z_a267de\evaluation.json
task3_formal_20260927T075834Z_d335ae80,epoch_072,cycle_B,0.11127996977418661,loss,train,,task3_gan\Yuyao_Ding\outputs\task3_formal_20260927T075834Z_d335ae80\evaluation_20260927T130841Z_a267de\evaluation.json
task3_formal_20260927T075834Z_d335ae80,epoch_072,identity_A,0.07668195812031627,loss,train,,task3_gan\Yuyao_Ding\outputs\task3_formal_20260927T075834Z_d335ae80\evaluation_20260927T130841Z_a267de\evaluation.json
task3_formal_20260927T075834Z_d335ae80,epoch_072,identity_B,0.09514494974911213,loss,train,,task3_gan\Yuyao_Ding\outputs\task3_formal_20260927T075834Z_d335ae80\evaluation_20260927T130841Z_a267de\evaluation.json
task3_formal_20260927T075834Z_d335ae80,epoch_072,gradient_norm_G_A2B,14.181440496921539,l2_norm,train,,task3_gan\Yuyao_Ding\outputs\task3_formal_20260927T075834Z_d335ae80\evaluation_20260927T130841Z_a267de\evaluation.json
task3_formal_20260927T075834Z_d335ae80,epoch_072,gradient_norm_G_B2A,16.151195956707,l2_norm,train,,task3_gan\Yuyao_Ding\outputs\task3_formal_20260927T075834Z_d335ae80\evaluation_20260927T130841Z_a267de\evaluation.json
task3_formal_20260927T075834Z_d335ae80,epoch_072,gradient_norm_D_A,6.248161965250969,l2_norm,train,,task3_gan\Yuyao_Ding\outputs\task3_formal_20260927T075834Z_d335ae80\evaluation_20260927T130841Z_a267de\evaluation.json
task3_formal_20260927T075834Z_d335ae80,epoch_072,gradient_norm_D_B,5.5885695263147355,l2_norm,train,,task3_gan\Yuyao_Ding\outputs\task3_formal_20260927T075834Z_d335ae80\evaluation_20260927T130841Z_a267de\evaluation.json
task3_formal_20260927T075834Z_d335ae80,epoch_073,G_A2B_adversarial,0.4730176252275705,loss,train,,task3_gan\Yuyao_Ding\outputs\task3_formal_20260927T075834Z_d335ae80\evaluation_20260927T130841Z_a267de\evaluation.json
task3_formal_20260927T075834Z_d335ae80,epoch_073,G_B2A_adversarial,0.5855583038330078,loss,train,,task3_gan\Yuyao_Ding\outputs\task3_formal_20260927T075834Z_d335ae80\evaluation_20260927T130841Z_a267de\evaluation.json
task3_formal_20260927T075834Z_d335ae80,epoch_073,D_A,0.12104960031993688,loss,train,,task3_gan\Yuyao_Ding\outputs\task3_formal_20260927T075834Z_d335ae80\evaluation_20260927T130841Z_a267de\evaluation.json
task3_formal_20260927T075834Z_d335ae80,epoch_073,D_B,0.16204186983965338,loss,train,,task3_gan\Yuyao_Ding\outputs\task3_formal_20260927T075834Z_d335ae80\evaluation_20260927T130841Z_a267de\evaluation.json
task3_formal_20260927T075834Z_d335ae80,epoch_073,G_total,3.785017405748367,loss,train,,task3_gan\Yuyao_Ding\outputs\task3_formal_20260927T075834Z_d335ae80\evaluation_20260927T130841Z_a267de\evaluation.json
task3_formal_20260927T075834Z_d335ae80,epoch_073,cycle_A,0.07978351368382573,loss,train,,task3_gan\Yuyao_Ding\outputs\task3_formal_20260927T075834Z_d335ae80\evaluation_20260927T130841Z_a267de\evaluation.json
task3_formal_20260927T075834Z_d335ae80,epoch_073,cycle_B,0.10893058444187045,loss,train,,task3_gan\Yuyao_Ding\outputs\task3_formal_20260927T075834Z_d335ae80\evaluation_20260927T130841Z_a267de\evaluation.json
task3_formal_20260927T075834Z_d335ae80,epoch_073,identity_A,0.07478121642768383,loss,train,,task3_gan\Yuyao_Ding\outputs\task3_formal_20260927T075834Z_d335ae80\evaluation_20260927T130841Z_a267de\evaluation.json
task3_formal_20260927T075834Z_d335ae80,epoch_073,identity_B,0.09307887947931885,loss,train,,task3_gan\Yuyao_Ding\outputs\task3_formal_20260927T075834Z_d335ae80\evaluation_20260927T130841Z_a267de\evaluation.json
task3_formal_20260927T075834Z_d335ae80,epoch_073,gradient_norm_G_A2B,14.09495967578888,l2_norm,train,,task3_gan\Yuyao_Ding\outputs\task3_formal_20260927T075834Z_d335ae80\evaluation_20260927T130841Z_a267de\evaluation.json
task3_formal_20260927T075834Z_d335ae80,epoch_073,gradient_norm_G_B2A,15.8452113571167,l2_norm,train,,task3_gan\Yuyao_Ding\outputs\task3_formal_20260927T075834Z_d335ae80\evaluation_20260927T130841Z_a267de\evaluation.json
task3_formal_20260927T075834Z_d335ae80,epoch_073,gradient_norm_D_A,6.019829698801041,l2_norm,train,,task3_gan\Yuyao_Ding\outputs\task3_formal_20260927T075834Z_d335ae80\evaluation_20260927T130841Z_a267de\evaluation.json
task3_formal_20260927T075834Z_d335ae80,epoch_073,gradient_norm_D_B,5.559119049429894,l2_norm,train,,task3_gan\Yuyao_Ding\outputs\task3_formal_20260927T075834Z_d335ae80\evaluation_20260927T130841Z_a267de\evaluation.json
task3_formal_20260927T075834Z_d335ae80,epoch_074,G_A2B_adversarial,0.4642874216735363,loss,train,,task3_gan\Yuyao_Ding\outputs\task3_formal_20260927T075834Z_d335ae80\evaluation_20260927T130841Z_a267de\evaluation.json
task3_formal_20260927T075834Z_d335ae80,epoch_074,G_B2A_adversarial,0.5789602312259376,loss,train,,task3_gan\Yuyao_Ding\outputs\task3_formal_20260927T075834Z_d335ae80\evaluation_20260927T130841Z_a267de\evaluation.json
task3_formal_20260927T075834Z_d335ae80,epoch_074,D_A,0.12677107433974744,loss,train,,task3_gan\Yuyao_Ding\outputs\task3_formal_20260927T075834Z_d335ae80\evaluation_20260927T130841Z_a267de\evaluation.json
task3_formal_20260927T075834Z_d335ae80,epoch_074,D_B,0.1656372599825263,loss,train,,task3_gan\Yuyao_Ding\outputs\task3_formal_20260927T075834Z_d335ae80\evaluation_20260927T130841Z_a267de\evaluation.json
task3_formal_20260927T075834Z_d335ae80,epoch_074,G_total,3.7166883409023286,loss,train,,task3_gan\Yuyao_Ding\outputs\task3_formal_20260927T075834Z_d335ae80\evaluation_20260927T130841Z_a267de\evaluation.json
task3_formal_20260927T075834Z_d335ae80,epoch_074,cycle_A,0.07734296517074109,loss,train,,task3_gan\Yuyao_Ding\outputs\task3_formal_20260927T075834Z_d335ae80\evaluation_20260927T130841Z_a267de\evaluation.json
task3_formal_20260927T075834Z_d335ae80,epoch_074,cycle_B,0.10828223707899451,loss,train,,task3_gan\Yuyao_Ding\outputs\task3_formal_20260927T075834Z_d335ae80\evaluation_20260927T130841Z_a267de\evaluation.json
task3_formal_20260927T075834Z_d335ae80,epoch_074,identity_A,0.07243500755354762,loss,train,,task3_gan\Yuyao_Ding\outputs\task3_formal_20260927T075834Z_d335ae80\evaluation_20260927T130841Z_a267de\evaluation.json
task3_formal_20260927T075834Z_d335ae80,epoch_074,identity_B,0.09100272507593035,loss,train,,task3_gan\Yuyao_Ding\outputs\task3_formal_20260927T075834Z_d335ae80\evaluation_20260927T130841Z_a267de\evaluation.json
task3_formal_20260927T075834Z_d335ae80,epoch_074,gradient_norm_G_A2B,14.246368186473847,l2_norm,train,,task3_gan\Yuyao_Ding\outputs\task3_formal_20260927T075834Z_d335ae80\evaluation_20260927T130841Z_a267de\evaluation.json
task3_formal_20260927T075834Z_d335ae80,epoch_074,gradient_norm_G_B2A,16.199804639339447,l2_norm,train,,task3_gan\Yuyao_Ding\outputs\task3_formal_20260927T075834Z_d335ae80\evaluation_20260927T130841Z_a267de\evaluation.json
task3_formal_20260927T075834Z_d335ae80,epoch_074,gradient_norm_D_A,6.250969419002533,l2_norm,train,,task3_gan\Yuyao_Ding\outputs\task3_formal_20260927T075834Z_d335ae80\evaluation_20260927T130841Z_a267de\evaluation.json
task3_formal_20260927T075834Z_d335ae80,epoch_074,gradient_norm_D_B,5.598394865870476,l2_norm,train,,task3_gan\Yuyao_Ding\outputs\task3_formal_20260927T075834Z_d335ae80\evaluation_20260927T130841Z_a267de\evaluation.json
task3_formal_20260927T075834Z_d335ae80,epoch_075,G_A2B_adversarial,0.48472006910294296,loss,train,,task3_gan\Yuyao_Ding\outputs\task3_formal_20260927T075834Z_d335ae80\evaluation_20260927T130841Z_a267de\evaluation.json
task3_formal_20260927T075834Z_d335ae80,epoch_075,G_B2A_adversarial,0.5981688460856676,loss,train,,task3_gan\Yuyao_Ding\outputs\task3_formal_20260927T075834Z_d335ae80\evaluation_20260927T130841Z_a267de\evaluation.json
task3_formal_20260927T075834Z_d335ae80,epoch_075,D_A,0.11961522525176406,loss,train,,task3_gan\Yuyao_Ding\outputs\task3_formal_20260927T075834Z_d335ae80\evaluation_20260927T130841Z_a267de\evaluation.json
task3_formal_20260927T075834Z_d335ae80,epoch_075,D_B,0.15952371305320412,loss,train,,task3_gan\Yuyao_Ding\outputs\task3_formal_20260927T075834Z_d335ae80\evaluation_20260927T130841Z_a267de\evaluation.json
task3_formal_20260927T075834Z_d335ae80,epoch_075,G_total,3.7584763045310976,loss,train,,task3_gan\Yuyao_Ding\outputs\task3_formal_20260927T075834Z_d335ae80\evaluation_20260927T130841Z_a267de\evaluation.json
task3_formal_20260927T075834Z_d335ae80,epoch_075,cycle_A,0.07877045847475529,loss,train,,task3_gan\Yuyao_Ding\outputs\task3_formal_20260927T075834Z_d335ae80\evaluation_20260927T130841Z_a267de\evaluation.json
task3_formal_20260927T075834Z_d335ae80,epoch_075,cycle_B,0.10710833170264959,loss,train,,task3_gan\Yuyao_Ding\outputs\task3_formal_20260927T075834Z_d335ae80\evaluation_20260927T130841Z_a267de\evaluation.json
task3_formal_20260927T075834Z_d335ae80,epoch_075,identity_A,0.073527698867023,loss,train,,task3_gan\Yuyao_Ding\outputs\task3_formal_20260927T075834Z_d335ae80\evaluation_20260927T130841Z_a267de\evaluation.json
task3_formal_20260927T075834Z_d335ae80,epoch_075,identity_B,0.08983219846710563,loss,train,,task3_gan\Yuyao_Ding\outputs\task3_formal_20260927T075834Z_d335ae80\evaluation_20260927T130841Z_a267de\evaluation.json
task3_formal_20260927T075834Z_d335ae80,epoch_075,gradient_norm_G_A2B,13.830084592819214,l2_norm,train,,task3_gan\Yuyao_Ding\outputs\task3_formal_20260927T075834Z_d335ae80\evaluation_20260927T130841Z_a267de\evaluation.json
task3_formal_20260927T075834Z_d335ae80,epoch_075,gradient_norm_G_B2A,16.09892553281784,l2_norm,train,,task3_gan\Yuyao_Ding\outputs\task3_formal_20260927T075834Z_d335ae80\evaluation_20260927T130841Z_a267de\evaluation.json
task3_formal_20260927T075834Z_d335ae80,epoch_075,gradient_norm_D_A,5.994618836045265,l2_norm,train,,task3_gan\Yuyao_Ding\outputs\task3_formal_20260927T075834Z_d335ae80\evaluation_20260927T130841Z_a267de\evaluation.json
task3_formal_20260927T075834Z_d335ae80,epoch_075,gradient_norm_D_B,5.660334507703781,l2_norm,train,,task3_gan\Yuyao_Ding\outputs\task3_formal_20260927T075834Z_d335ae80\evaluation_20260927T130841Z_a267de\evaluation.json
task3_formal_20260927T075834Z_d335ae80,epoch_076,G_A2B_adversarial,0.46680441054329275,loss,train,,task3_gan\Yuyao_Ding\outputs\task3_formal_20260927T075834Z_d335ae80\evaluation_20260927T130841Z_a267de\evaluation.json
task3_formal_20260927T075834Z_d335ae80,epoch_076,G_B2A_adversarial,0.6014248453509062,loss,train,,task3_gan\Yuyao_Ding\outputs\task3_formal_20260927T075834Z_d335ae80\evaluation_20260927T130841Z_a267de\evaluation.json
task3_formal_20260927T075834Z_d335ae80,epoch_076,D_A,0.1234928548503667,loss,train,,task3_gan\Yuyao_Ding\outputs\task3_formal_20260927T075834Z_d335ae80\evaluation_20260927T130841Z_a267de\evaluation.json
task3_formal_20260927T075834Z_d335ae80,epoch_076,D_B,0.1634957518260926,loss,train,,task3_gan\Yuyao_Ding\outputs\task3_formal_20260927T075834Z_d335ae80\evaluation_20260927T130841Z_a267de\evaluation.json
task3_formal_20260927T075834Z_d335ae80,epoch_076,G_total,3.72524162197113,loss,train,,task3_gan\Yuyao_Ding\outputs\task3_formal_20260927T075834Z_d335ae80\evaluation_20260927T130841Z_a267de\evaluation.json
task3_formal_20260927T075834Z_d335ae80,epoch_076,cycle_A,0.0783352897875011,loss,train,,task3_gan\Yuyao_Ding\outputs\task3_formal_20260927T075834Z_d335ae80\evaluation_20260927T130841Z_a267de\evaluation.json
task3_formal_20260927T075834Z_d335ae80,epoch_076,cycle_B,0.10565676004067064,loss,train,,task3_gan\Yuyao_Ding\outputs\task3_formal_20260927T075834Z_d335ae80\evaluation_20260927T130841Z_a267de\evaluation.json
task3_formal_20260927T075834Z_d335ae80,epoch_076,identity_A,0.07311109767109156,loss,train,,task3_gan\Yuyao_Ding\outputs\task3_formal_20260927T075834Z_d335ae80\evaluation_20260927T130841Z_a267de\evaluation.json
task3_formal_20260927T075834Z_d335ae80,epoch_076,identity_B,0.0903072750903666,loss,train,,task3_gan\Yuyao_Ding\outputs\task3_formal_20260927T075834Z_d335ae80\evaluation_20260927T130841Z_a267de\evaluation.json
task3_formal_20260927T075834Z_d335ae80,epoch_076,gradient_norm_G_A2B,13.854215147018433,l2_norm,train,,task3_gan\Yuyao_Ding\outputs\task3_formal_20260927T075834Z_d335ae80\evaluation_20260927T130841Z_a267de\evaluation.json
task3_formal_20260927T075834Z_d335ae80,epoch_076,gradient_norm_G_B2A,16.15663806962967,l2_norm,train,,task3_gan\Yuyao_Ding\outputs\task3_formal_20260927T075834Z_d335ae80\evaluation_20260927T130841Z_a267de\evaluation.json
task3_formal_20260927T075834Z_d335ae80,epoch_076,gradient_norm_D_A,6.291029158234596,l2_norm,train,,task3_gan\Yuyao_Ding\outputs\task3_formal_20260927T075834Z_d335ae80\evaluation_20260927T130841Z_a267de\evaluation.json
task3_formal_20260927T075834Z_d335ae80,epoch_076,gradient_norm_D_B,5.509801964759827,l2_norm,train,,task3_gan\Yuyao_Ding\outputs\task3_formal_20260927T075834Z_d335ae80\evaluation_20260927T130841Z_a267de\evaluation.json
task3_formal_20260927T075834Z_d335ae80,epoch_077,G_A2B_adversarial,0.49536103069782256,loss,train,,task3_gan\Yuyao_Ding\outputs\task3_formal_20260927T075834Z_d335ae80\evaluation_20260927T130841Z_a267de\evaluation.json
task3_formal_20260927T075834Z_d335ae80,epoch_077,G_B2A_adversarial,0.6044159377850592,loss,train,,task3_gan\Yuyao_Ding\outputs\task3_formal_20260927T075834Z_d335ae80\evaluation_20260927T130841Z_a267de\evaluation.json
task3_formal_20260927T075834Z_d335ae80,epoch_077,D_A,0.11681063362769782,loss,train,,task3_gan\Yuyao_Ding\outputs\task3_formal_20260927T075834Z_d335ae80\evaluation_20260927T130841Z_a267de\evaluation.json
task3_formal_20260927T075834Z_d335ae80,epoch_077,D_B,0.1566084063909948,loss,train,,task3_gan\Yuyao_Ding\outputs\task3_formal_20260927T075834Z_d335ae80\evaluation_20260927T130841Z_a267de\evaluation.json
task3_formal_20260927T075834Z_d335ae80,epoch_077,G_total,3.7918782634735106,loss,train,,task3_gan\Yuyao_Ding\outputs\task3_formal_20260927T075834Z_d335ae80\evaluation_20260927T130841Z_a267de\evaluation.json
task3_formal_20260927T075834Z_d335ae80,epoch_077,cycle_A,0.07827359635382891,loss,train,,task3_gan\Yuyao_Ding\outputs\task3_formal_20260927T075834Z_d335ae80\evaluation_20260927T130841Z_a267de\evaluation.json
task3_formal_20260927T075834Z_d335ae80,epoch_077,cycle_B,0.10953245756402612,loss,train,,task3_gan\Yuyao_Ding\outputs\task3_formal_20260927T075834Z_d335ae80\evaluation_20260927T130841Z_a267de\evaluation.json
task3_formal_20260927T075834Z_d335ae80,epoch_077,identity_A,0.07245818827301263,loss,train,,task3_gan\Yuyao_Ding\outputs\task3_formal_20260927T075834Z_d335ae80\evaluation_20260927T130841Z_a267de\evaluation.json
task3_formal_20260927T075834Z_d335ae80,epoch_077,identity_B,0.0903499607667327,loss,train,,task3_gan\Yuyao_Ding\outputs\task3_formal_20260927T075834Z_d335ae80\evaluation_20260927T130841Z_a267de\evaluation.json
task3_formal_20260927T075834Z_d335ae80,epoch_077,gradient_norm_G_A2B,14.59771070098877,l2_norm,train,,task3_gan\Yuyao_Ding\outputs\task3_formal_20260927T075834Z_d335ae80\evaluation_20260927T130841Z_a267de\evaluation.json
task3_formal_20260927T075834Z_d335ae80,epoch_077,gradient_norm_G_B2A,17.049301318645476,l2_norm,train,,task3_gan\Yuyao_Ding\outputs\task3_formal_20260927T075834Z_d335ae80\evaluation_20260927T130841Z_a267de\evaluation.json
task3_formal_20260927T075834Z_d335ae80,epoch_077,gradient_norm_D_A,5.915778808832169,l2_norm,train,,task3_gan\Yuyao_Ding\outputs\task3_formal_20260927T075834Z_d335ae80\evaluation_20260927T130841Z_a267de\evaluation.json
task3_formal_20260927T075834Z_d335ae80,epoch_077,gradient_norm_D_B,5.618473452806473,l2_norm,train,,task3_gan\Yuyao_Ding\outputs\task3_formal_20260927T075834Z_d335ae80\evaluation_20260927T130841Z_a267de\evaluation.json
task3_formal_20260927T075834Z_d335ae80,epoch_078,G_A2B_adversarial,0.4769827212393284,loss,train,,task3_gan\Yuyao_Ding\outputs\task3_formal_20260927T075834Z_d335ae80\evaluation_20260927T130841Z_a267de\evaluation.json
task3_formal_20260927T075834Z_d335ae80,epoch_078,G_B2A_adversarial,0.5923299424182623,loss,train,,task3_gan\Yuyao_Ding\outputs\task3_formal_20260927T075834Z_d335ae80\evaluation_20260927T130841Z_a267de\evaluation.json
task3_formal_20260927T075834Z_d335ae80,epoch_078,D_A,0.12014007290266454,loss,train,,task3_gan\Yuyao_Ding\outputs\task3_formal_20260927T075834Z_d335ae80\evaluation_20260927T130841Z_a267de\evaluation.json
task3_formal_20260927T075834Z_d335ae80,epoch_078,D_B,0.1609648057986051,loss,train,,task3_gan\Yuyao_Ding\outputs\task3_formal_20260927T075834Z_d335ae80\evaluation_20260927T130841Z_a267de\evaluation.json
task3_formal_20260927T075834Z_d335ae80,epoch_078,G_total,3.74102455329895,loss,train,,task3_gan\Yuyao_Ding\outputs\task3_formal_20260927T075834Z_d335ae80\evaluation_20260927T130841Z_a267de\evaluation.json
task3_formal_20260927T075834Z_d335ae80,epoch_078,cycle_A,0.07803063969686627,loss,train,,task3_gan\Yuyao_Ding\outputs\task3_formal_20260927T075834Z_d335ae80\evaluation_20260927T130841Z_a267de\evaluation.json
task3_formal_20260927T075834Z_d335ae80,epoch_078,cycle_B,0.10758126301690936,loss,train,,task3_gan\Yuyao_Ding\outputs\task3_formal_20260927T075834Z_d335ae80\evaluation_20260927T130841Z_a267de\evaluation.json
task3_formal_20260927T075834Z_d335ae80,epoch_078,identity_A,0.07264732582122088,loss,train,,task3_gan\Yuyao_Ding\outputs\task3_formal_20260927T075834Z_d335ae80\evaluation_20260927T130841Z_a267de\evaluation.json
task3_formal_20260927T075834Z_d335ae80,epoch_078,identity_B,0.09047124510630965,loss,train,,task3_gan\Yuyao_Ding\outputs\task3_formal_20260927T075834Z_d335ae80\evaluation_20260927T130841Z_a267de\evaluation.json
task3_formal_20260927T075834Z_d335ae80,epoch_078,gradient_norm_G_A2B,14.11643814754486,l2_norm,train,,task3_gan\Yuyao_Ding\outputs\task3_formal_20260927T075834Z_d335ae80\evaluation_20260927T130841Z_a267de\evaluation.json
task3_formal_20260927T075834Z_d335ae80,epoch_078,gradient_norm_G_B2A,16.564921419620514,l2_norm,train,,task3_gan\Yuyao_Ding\outputs\task3_formal_20260927T075834Z_d335ae80\evaluation_20260927T130841Z_a267de\evaluation.json
task3_formal_20260927T075834Z_d335ae80,epoch_078,gradient_norm_D_A,6.07755148601532,l2_norm,train,,task3_gan\Yuyao_Ding\outputs\task3_formal_20260927T075834Z_d335ae80\evaluation_20260927T130841Z_a267de\evaluation.json
task3_formal_20260927T075834Z_d335ae80,epoch_078,gradient_norm_D_B,5.527090355753899,l2_norm,train,,task3_gan\Yuyao_Ding\outputs\task3_formal_20260927T075834Z_d335ae80\evaluation_20260927T130841Z_a267de\evaluation.json
task3_formal_20260927T075834Z_d335ae80,epoch_079,G_A2B_adversarial,0.4760109347179532,loss,train,,task3_gan\Yuyao_Ding\outputs\task3_formal_20260927T075834Z_d335ae80\evaluation_20260927T130841Z_a267de\evaluation.json
task3_formal_20260927T075834Z_d335ae80,epoch_079,G_B2A_adversarial,0.5984577815048396,loss,train,,task3_gan\Yuyao_Ding\outputs\task3_formal_20260927T075834Z_d335ae80\evaluation_20260927T130841Z_a267de\evaluation.json
task3_formal_20260927T075834Z_d335ae80,epoch_079,D_A,0.1142520756535232,loss,train,,task3_gan\Yuyao_Ding\outputs\task3_formal_20260927T075834Z_d335ae80\evaluation_20260927T130841Z_a267de\evaluation.json
task3_formal_20260927T075834Z_d335ae80,epoch_079,D_B,0.1594079154841602,loss,train,,task3_gan\Yuyao_Ding\outputs\task3_formal_20260927T075834Z_d335ae80\evaluation_20260927T130841Z_a267de\evaluation.json
task3_formal_20260927T075834Z_d335ae80,epoch_079,G_total,3.727632174253464,loss,train,,task3_gan\Yuyao_Ding\outputs\task3_formal_20260927T075834Z_d335ae80\evaluation_20260927T130841Z_a267de\evaluation.json
task3_formal_20260927T075834Z_d335ae80,epoch_079,cycle_A,0.07739845441281795,loss,train,,task3_gan\Yuyao_Ding\outputs\task3_formal_20260927T075834Z_d335ae80\evaluation_20260927T130841Z_a267de\evaluation.json
task3_formal_20260927T075834Z_d335ae80,epoch_079,cycle_B,0.10735821234434843,loss,train,,task3_gan\Yuyao_Ding\outputs\task3_formal_20260927T075834Z_d335ae80\evaluation_20260927T130841Z_a267de\evaluation.json
task3_formal_20260927T075834Z_d335ae80,epoch_079,identity_A,0.07100125221163034,loss,train,,task3_gan\Yuyao_Ding\outputs\task3_formal_20260927T075834Z_d335ae80\evaluation_20260927T130841Z_a267de\evaluation.json
task3_formal_20260927T075834Z_d335ae80,epoch_079,identity_B,0.09011810563877225,loss,train,,task3_gan\Yuyao_Ding\outputs\task3_formal_20260927T075834Z_d335ae80\evaluation_20260927T130841Z_a267de\evaluation.json
task3_formal_20260927T075834Z_d335ae80,epoch_079,gradient_norm_G_A2B,14.251847603797913,l2_norm,train,,task3_gan\Yuyao_Ding\outputs\task3_formal_20260927T075834Z_d335ae80\evaluation_20260927T130841Z_a267de\evaluation.json
task3_formal_20260927T075834Z_d335ae80,epoch_079,gradient_norm_G_B2A,16.618441637039183,l2_norm,train,,task3_gan\Yuyao_Ding\outputs\task3_formal_20260927T075834Z_d335ae80\evaluation_20260927T130841Z_a267de\evaluation.json
task3_formal_20260927T075834Z_d335ae80,epoch_079,gradient_norm_D_A,5.9390291270017626,l2_norm,train,,task3_gan\Yuyao_Ding\outputs\task3_formal_20260927T075834Z_d335ae80\evaluation_20260927T130841Z_a267de\evaluation.json
task3_formal_20260927T075834Z_d335ae80,epoch_079,gradient_norm_D_B,5.685258705496788,l2_norm,train,,task3_gan\Yuyao_Ding\outputs\task3_formal_20260927T075834Z_d335ae80\evaluation_20260927T130841Z_a267de\evaluation.json
task3_formal_20260927T075834Z_d335ae80,epoch_080,G_A2B_adversarial,0.4802929712086916,loss,train,,task3_gan\Yuyao_Ding\outputs\task3_formal_20260927T075834Z_d335ae80\evaluation_20260927T130841Z_a267de\evaluation.json
task3_formal_20260927T075834Z_d335ae80,epoch_080,G_B2A_adversarial,0.6168709600679576,loss,train,,task3_gan\Yuyao_Ding\outputs\task3_formal_20260927T075834Z_d335ae80\evaluation_20260927T130841Z_a267de\evaluation.json
task3_formal_20260927T075834Z_d335ae80,epoch_080,D_A,0.11016394590213895,loss,train,,task3_gan\Yuyao_Ding\outputs\task3_formal_20260927T075834Z_d335ae80\evaluation_20260927T130841Z_a267de\evaluation.json
task3_formal_20260927T075834Z_d335ae80,epoch_080,D_B,0.15925095034204423,loss,train,,task3_gan\Yuyao_Ding\outputs\task3_formal_20260927T075834Z_d335ae80\evaluation_20260927T130841Z_a267de\evaluation.json
task3_formal_20260927T075834Z_d335ae80,epoch_080,G_total,3.6913744904994963,loss,train,,task3_gan\Yuyao_Ding\outputs\task3_formal_20260927T075834Z_d335ae80\evaluation_20260927T130841Z_a267de\evaluation.json
task3_formal_20260927T075834Z_d335ae80,epoch_080,cycle_A,0.07606351419910788,loss,train,,task3_gan\Yuyao_Ding\outputs\task3_formal_20260927T075834Z_d335ae80\evaluation_20260927T130841Z_a267de\evaluation.json
task3_formal_20260927T075834Z_d335ae80,epoch_080,cycle_B,0.10456937799602747,loss,train,,task3_gan\Yuyao_Ding\outputs\task3_formal_20260927T075834Z_d335ae80\evaluation_20260927T130841Z_a267de\evaluation.json
task3_formal_20260927T075834Z_d335ae80,epoch_080,identity_A,0.06956687233224511,loss,train,,task3_gan\Yuyao_Ding\outputs\task3_formal_20260927T075834Z_d335ae80\evaluation_20260927T130841Z_a267de\evaluation.json
task3_formal_20260927T075834Z_d335ae80,epoch_080,identity_B,0.08800945420004427,loss,train,,task3_gan\Yuyao_Ding\outputs\task3_formal_20260927T075834Z_d335ae80\evaluation_20260927T130841Z_a267de\evaluation.json
task3_formal_20260927T075834Z_d335ae80,epoch_080,gradient_norm_G_A2B,14.384120153903961,l2_norm,train,,task3_gan\Yuyao_Ding\outputs\task3_formal_20260927T075834Z_d335ae80\evaluation_20260927T130841Z_a267de\evaluation.json
task3_formal_20260927T075834Z_d335ae80,epoch_080,gradient_norm_G_B2A,17.133678401947023,l2_norm,train,,task3_gan\Yuyao_Ding\outputs\task3_formal_20260927T075834Z_d335ae80\evaluation_20260927T130841Z_a267de\evaluation.json
task3_formal_20260927T075834Z_d335ae80,epoch_080,gradient_norm_D_A,5.783534249186515,l2_norm,train,,task3_gan\Yuyao_Ding\outputs\task3_formal_20260927T075834Z_d335ae80\evaluation_20260927T130841Z_a267de\evaluation.json
task3_formal_20260927T075834Z_d335ae80,epoch_080,gradient_norm_D_B,5.600259470701218,l2_norm,train,,task3_gan\Yuyao_Ding\outputs\task3_formal_20260927T075834Z_d335ae80\evaluation_20260927T130841Z_a267de\evaluation.json
task3_formal_20260927T075834Z_d335ae80,epoch_081,G_A2B_adversarial,0.4847595350071788,loss,train,,task3_gan\Yuyao_Ding\outputs\task3_formal_20260927T075834Z_d335ae80\evaluation_20260927T130841Z_a267de\evaluation.json
task3_formal_20260927T075834Z_d335ae80,epoch_081,G_B2A_adversarial,0.626582808110863,loss,train,,task3_gan\Yuyao_Ding\outputs\task3_formal_20260927T075834Z_d335ae80\evaluation_20260927T130841Z_a267de\evaluation.json
task3_formal_20260927T075834Z_d335ae80,epoch_081,D_A,0.11211645919643343,loss,train,,task3_gan\Yuyao_Ding\outputs\task3_formal_20260927T075834Z_d335ae80\evaluation_20260927T130841Z_a267de\evaluation.json
task3_formal_20260927T075834Z_d335ae80,epoch_081,D_B,0.16156376702338457,loss,train,,task3_gan\Yuyao_Ding\outputs\task3_formal_20260927T075834Z_d335ae80\evaluation_20260927T130841Z_a267de\evaluation.json
task3_formal_20260927T075834Z_d335ae80,epoch_081,G_total,3.704144751548767,loss,train,,task3_gan\Yuyao_Ding\outputs\task3_formal_20260927T075834Z_d335ae80\evaluation_20260927T130841Z_a267de\evaluation.json
task3_formal_20260927T075834Z_d335ae80,epoch_081,cycle_A,0.07515733061730862,loss,train,,task3_gan\Yuyao_Ding\outputs\task3_formal_20260927T075834Z_d335ae80\evaluation_20260927T130841Z_a267de\evaluation.json
task3_formal_20260927T075834Z_d335ae80,epoch_081,cycle_B,0.10480957166105509,loss,train,,task3_gan\Yuyao_Ding\outputs\task3_formal_20260927T075834Z_d335ae80\evaluation_20260927T130841Z_a267de\evaluation.json
task3_formal_20260927T075834Z_d335ae80,epoch_081,identity_A,0.06930823042988778,loss,train,,task3_gan\Yuyao_Ding\outputs\task3_formal_20260927T075834Z_d335ae80\evaluation_20260927T130841Z_a267de\evaluation.json
task3_formal_20260927T075834Z_d335ae80,epoch_081,identity_B,0.0893184468857944,loss,train,,task3_gan\Yuyao_Ding\outputs\task3_formal_20260927T075834Z_d335ae80\evaluation_20260927T130841Z_a267de\evaluation.json
task3_formal_20260927T075834Z_d335ae80,epoch_081,gradient_norm_G_A2B,13.91684133720398,l2_norm,train,,task3_gan\Yuyao_Ding\outputs\task3_formal_20260927T075834Z_d335ae80\evaluation_20260927T130841Z_a267de\evaluation.json
task3_formal_20260927T075834Z_d335ae80,epoch_081,gradient_norm_G_B2A,17.025658817768097,l2_norm,train,,task3_gan\Yuyao_Ding\outputs\task3_formal_20260927T075834Z_d335ae80\evaluation_20260927T130841Z_a267de\evaluation.json
task3_formal_20260927T075834Z_d335ae80,epoch_081,gradient_norm_D_A,5.82150808596611,l2_norm,train,,task3_gan\Yuyao_Ding\outputs\task3_formal_20260927T075834Z_d335ae80\evaluation_20260927T130841Z_a267de\evaluation.json
task3_formal_20260927T075834Z_d335ae80,epoch_081,gradient_norm_D_B,5.5711932866573335,l2_norm,train,,task3_gan\Yuyao_Ding\outputs\task3_formal_20260927T075834Z_d335ae80\evaluation_20260927T130841Z_a267de\evaluation.json
task3_formal_20260927T075834Z_d335ae80,epoch_082,G_A2B_adversarial,0.4810008857771754,loss,train,,task3_gan\Yuyao_Ding\outputs\task3_formal_20260927T075834Z_d335ae80\evaluation_20260927T130841Z_a267de\evaluation.json
task3_formal_20260927T075834Z_d335ae80,epoch_082,G_B2A_adversarial,0.639295356001705,loss,train,,task3_gan\Yuyao_Ding\outputs\task3_formal_20260927T075834Z_d335ae80\evaluation_20260927T130841Z_a267de\evaluation.json
task3_formal_20260927T075834Z_d335ae80,epoch_082,D_A,0.10851272644847632,loss,train,,task3_gan\Yuyao_Ding\outputs\task3_formal_20260927T075834Z_d335ae80\evaluation_20260927T130841Z_a267de\evaluation.json
task3_formal_20260927T075834Z_d335ae80,epoch_082,D_B,0.1584201031755656,loss,train,,task3_gan\Yuyao_Ding\outputs\task3_formal_20260927T075834Z_d335ae80\evaluation_20260927T130841Z_a267de\evaluation.json
task3_formal_20260927T075834Z_d335ae80,epoch_082,G_total,3.718743758916855,loss,train,,task3_gan\Yuyao_Ding\outputs\task3_formal_20260927T075834Z_d335ae80\evaluation_20260927T130841Z_a267de\evaluation.json
task3_formal_20260927T075834Z_d335ae80,epoch_082,cycle_A,0.07701194988191128,loss,train,,task3_gan\Yuyao_Ding\outputs\task3_formal_20260927T075834Z_d335ae80\evaluation_20260927T130841Z_a267de\evaluation.json
task3_formal_20260927T075834Z_d335ae80,epoch_082,cycle_B,0.1039565359763801,loss,train,,task3_gan\Yuyao_Ding\outputs\task3_formal_20260927T075834Z_d335ae80\evaluation_20260927T130841Z_a267de\evaluation.json
task3_formal_20260927T075834Z_d335ae80,epoch_082,identity_A,0.06933948836103082,loss,train,,task3_gan\Yuyao_Ding\outputs\task3_formal_20260927T075834Z_d335ae80\evaluation_20260927T130841Z_a267de\evaluation.json
task3_formal_20260927T075834Z_d335ae80,epoch_082,identity_B,0.08841304283589124,loss,train,,task3_gan\Yuyao_Ding\outputs\task3_formal_20260927T075834Z_d335ae80\evaluation_20260927T130841Z_a267de\evaluation.json
task3_formal_20260927T075834Z_d335ae80,epoch_082,gradient_norm_G_A2B,14.437457945346832,l2_norm,train,,task3_gan\Yuyao_Ding\outputs\task3_formal_20260927T075834Z_d335ae80\evaluation_20260927T130841Z_a267de\evaluation.json
task3_formal_20260927T075834Z_d335ae80,epoch_082,gradient_norm_G_B2A,17.168183085918425,l2_norm,train,,task3_gan\Yuyao_Ding\outputs\task3_formal_20260927T075834Z_d335ae80\evaluation_20260927T130841Z_a267de\evaluation.json
task3_formal_20260927T075834Z_d335ae80,epoch_082,gradient_norm_D_A,5.807873041272163,l2_norm,train,,task3_gan\Yuyao_Ding\outputs\task3_formal_20260927T075834Z_d335ae80\evaluation_20260927T130841Z_a267de\evaluation.json
task3_formal_20260927T075834Z_d335ae80,epoch_082,gradient_norm_D_B,5.590761774539947,l2_norm,train,,task3_gan\Yuyao_Ding\outputs\task3_formal_20260927T075834Z_d335ae80\evaluation_20260927T130841Z_a267de\evaluation.json
task3_formal_20260927T075834Z_d335ae80,epoch_083,G_A2B_adversarial,0.472964750982821,loss,train,,task3_gan\Yuyao_Ding\outputs\task3_formal_20260927T075834Z_d335ae80\evaluation_20260927T130841Z_a267de\evaluation.json
task3_formal_20260927T075834Z_d335ae80,epoch_083,G_B2A_adversarial,0.6445591181330382,loss,train,,task3_gan\Yuyao_Ding\outputs\task3_formal_20260927T075834Z_d335ae80\evaluation_20260927T130841Z_a267de\evaluation.json
task3_formal_20260927T075834Z_d335ae80,epoch_083,D_A,0.10293520702980459,loss,train,,task3_gan\Yuyao_Ding\outputs\task3_formal_20260927T075834Z_d335ae80\evaluation_20260927T130841Z_a267de\evaluation.json
task3_formal_20260927T075834Z_d335ae80,epoch_083,D_B,0.16054878555424512,loss,train,,task3_gan\Yuyao_Ding\outputs\task3_formal_20260927T075834Z_d335ae80\evaluation_20260927T130841Z_a267de\evaluation.json
task3_formal_20260927T075834Z_d335ae80,epoch_083,G_total,3.7026780869960785,loss,train,,task3_gan\Yuyao_Ding\outputs\task3_formal_20260927T075834Z_d335ae80\evaluation_20260927T130841Z_a267de\evaluation.json
task3_formal_20260927T075834Z_d335ae80,epoch_083,cycle_A,0.07528045677021146,loss,train,,task3_gan\Yuyao_Ding\outputs\task3_formal_20260927T075834Z_d335ae80\evaluation_20260927T130841Z_a267de\evaluation.json
task3_formal_20260927T075834Z_d335ae80,epoch_083,cycle_B,0.10473144194856286,loss,train,,task3_gan\Yuyao_Ding\outputs\task3_formal_20260927T075834Z_d335ae80\evaluation_20260927T130841Z_a267de\evaluation.json
task3_formal_20260927T075834Z_d335ae80,epoch_083,identity_A,0.06901275129243732,loss,train,,task3_gan\Yuyao_Ding\outputs\task3_formal_20260927T075834Z_d335ae80\evaluation_20260927T130841Z_a267de\evaluation.json
task3_formal_20260927T075834Z_d335ae80,epoch_083,identity_B,0.0879942951221019,loss,train,,task3_gan\Yuyao_Ding\outputs\task3_formal_20260927T075834Z_d335ae80\evaluation_20260927T130841Z_a267de\evaluation.json
task3_formal_20260927T075834Z_d335ae80,epoch_083,gradient_norm_G_A2B,14.286057537078857,l2_norm,train,,task3_gan\Yuyao_Ding\outputs\task3_formal_20260927T075834Z_d335ae80\evaluation_20260927T130841Z_a267de\evaluation.json
task3_formal_20260927T075834Z_d335ae80,epoch_083,gradient_norm_G_B2A,17.47812616109848,l2_norm,train,,task3_gan\Yuyao_Ding\outputs\task3_formal_20260927T075834Z_d335ae80\evaluation_20260927T130841Z_a267de\evaluation.json
task3_formal_20260927T075834Z_d335ae80,epoch_083,gradient_norm_D_A,5.634518228411674,l2_norm,train,,task3_gan\Yuyao_Ding\outputs\task3_formal_20260927T075834Z_d335ae80\evaluation_20260927T130841Z_a267de\evaluation.json
task3_formal_20260927T075834Z_d335ae80,epoch_083,gradient_norm_D_B,5.522304910182953,l2_norm,train,,task3_gan\Yuyao_Ding\outputs\task3_formal_20260927T075834Z_d335ae80\evaluation_20260927T130841Z_a267de\evaluation.json
task3_formal_20260927T075834Z_d335ae80,epoch_084,G_A2B_adversarial,0.48134717240184544,loss,train,,task3_gan\Yuyao_Ding\outputs\task3_formal_20260927T075834Z_d335ae80\evaluation_20260927T130841Z_a267de\evaluation.json
task3_formal_20260927T075834Z_d335ae80,epoch_084,G_B2A_adversarial,0.6488565833084285,loss,train,,task3_gan\Yuyao_Ding\outputs\task3_formal_20260927T075834Z_d335ae80\evaluation_20260927T130841Z_a267de\evaluation.json
task3_formal_20260927T075834Z_d335ae80,epoch_084,D_A,0.10411318663321435,loss,train,,task3_gan\Yuyao_Ding\outputs\task3_formal_20260927T075834Z_d335ae80\evaluation_20260927T130841Z_a267de\evaluation.json
task3_formal_20260927T075834Z_d335ae80,epoch_084,D_B,0.15828639829345048,loss,train,,task3_gan\Yuyao_Ding\outputs\task3_formal_20260927T075834Z_d335ae80\evaluation_20260927T130841Z_a267de\evaluation.json
task3_formal_20260927T075834Z_d335ae80,epoch_084,G_total,3.677712058544159,loss,train,,task3_gan\Yuyao_Ding\outputs\task3_formal_20260927T075834Z_d335ae80\evaluation_20260927T130841Z_a267de\evaluation.json
task3_formal_20260927T075834Z_d335ae80,epoch_084,cycle_A,0.0746455726325512,loss,train,,task3_gan\Yuyao_Ding\outputs\task3_formal_20260927T075834Z_d335ae80\evaluation_20260927T130841Z_a267de\evaluation.json
task3_formal_20260927T075834Z_d335ae80,epoch_084,cycle_B,0.10309831256791949,loss,train,,task3_gan\Yuyao_Ding\outputs\task3_formal_20260927T075834Z_d335ae80\evaluation_20260927T130841Z_a267de\evaluation.json
task3_formal_20260927T075834Z_d335ae80,epoch_084,identity_A,0.06723250091075897,loss,train,,task3_gan\Yuyao_Ding\outputs\task3_formal_20260927T075834Z_d335ae80\evaluation_20260927T130841Z_a267de\evaluation.json
task3_formal_20260927T075834Z_d335ae80,epoch_084,identity_B,0.08678138751350344,loss,train,,task3_gan\Yuyao_Ding\outputs\task3_formal_20260927T075834Z_d335ae80\evaluation_20260927T130841Z_a267de\evaluation.json
task3_formal_20260927T075834Z_d335ae80,epoch_084,gradient_norm_G_A2B,13.902151250839234,l2_norm,train,,task3_gan\Yuyao_Ding\outputs\task3_formal_20260927T075834Z_d335ae80\evaluation_20260927T130841Z_a267de\evaluation.json
task3_formal_20260927T075834Z_d335ae80,epoch_084,gradient_norm_G_B2A,17.418343321800233,l2_norm,train,,task3_gan\Yuyao_Ding\outputs\task3_formal_20260927T075834Z_d335ae80\evaluation_20260927T130841Z_a267de\evaluation.json
task3_formal_20260927T075834Z_d335ae80,epoch_084,gradient_norm_D_A,5.817437070012093,l2_norm,train,,task3_gan\Yuyao_Ding\outputs\task3_formal_20260927T075834Z_d335ae80\evaluation_20260927T130841Z_a267de\evaluation.json
task3_formal_20260927T075834Z_d335ae80,epoch_084,gradient_norm_D_B,5.655466904759407,l2_norm,train,,task3_gan\Yuyao_Ding\outputs\task3_formal_20260927T075834Z_d335ae80\evaluation_20260927T130841Z_a267de\evaluation.json
task3_formal_20260927T075834Z_d335ae80,epoch_085,G_A2B_adversarial,0.48141404292732476,loss,train,,task3_gan\Yuyao_Ding\outputs\task3_formal_20260927T075834Z_d335ae80\evaluation_20260927T130841Z_a267de\evaluation.json
task3_formal_20260927T075834Z_d335ae80,epoch_085,G_B2A_adversarial,0.6425029094479978,loss,train,,task3_gan\Yuyao_Ding\outputs\task3_formal_20260927T075834Z_d335ae80\evaluation_20260927T130841Z_a267de\evaluation.json
task3_formal_20260927T075834Z_d335ae80,epoch_085,D_A,0.1037667440045625,loss,train,,task3_gan\Yuyao_Ding\outputs\task3_formal_20260927T075834Z_d335ae80\evaluation_20260927T130841Z_a267de\evaluation.json
task3_formal_20260927T075834Z_d335ae80,epoch_085,D_B,0.15919763273000717,loss,train,,task3_gan\Yuyao_Ding\outputs\task3_formal_20260927T075834Z_d335ae80\evaluation_20260927T130841Z_a267de\evaluation.json
task3_formal_20260927T075834Z_d335ae80,epoch_085,G_total,3.660124996185303,loss,train,,task3_gan\Yuyao_Ding\outputs\task3_formal_20260927T075834Z_d335ae80\evaluation_20260927T130841Z_a267de\evaluation.json
task3_formal_20260927T075834Z_d335ae80,epoch_085,cycle_A,0.0742992382235825,loss,train,,task3_gan\Yuyao_Ding\outputs\task3_formal_20260927T075834Z_d335ae80\evaluation_20260927T130841Z_a267de\evaluation.json
task3_formal_20260927T075834Z_d335ae80,epoch_085,cycle_B,0.10249097804352642,loss,train,,task3_gan\Yuyao_Ding\outputs\task3_formal_20260927T075834Z_d335ae80\evaluation_20260927T130841Z_a267de\evaluation.json
task3_formal_20260927T075834Z_d335ae80,epoch_085,identity_A,0.06689772939682007,loss,train,,task3_gan\Yuyao_Ding\outputs\task3_formal_20260927T075834Z_d335ae80\evaluation_20260927T130841Z_a267de\evaluation.json
task3_formal_20260927T075834Z_d335ae80,epoch_085,identity_B,0.08676344522088766,loss,train,,task3_gan\Yuyao_Ding\outputs\task3_formal_20260927T075834Z_d335ae80\evaluation_20260927T130841Z_a267de\evaluation.json
task3_formal_20260927T075834Z_d335ae80,epoch_085,gradient_norm_G_A2B,14.285021201133729,l2_norm,train,,task3_gan\Yuyao_Ding\outputs\task3_formal_20260927T075834Z_d335ae80\evaluation_20260927T130841Z_a267de\evaluation.json
task3_formal_20260927T075834Z_d335ae80,epoch_085,gradient_norm_G_B2A,17.77098994541168,l2_norm,train,,task3_gan\Yuyao_Ding\outputs\task3_formal_20260927T075834Z_d335ae80\evaluation_20260927T130841Z_a267de\evaluation.json
task3_formal_20260927T075834Z_d335ae80,epoch_085,gradient_norm_D_A,5.793551391363144,l2_norm,train,,task3_gan\Yuyao_Ding\outputs\task3_formal_20260927T075834Z_d335ae80\evaluation_20260927T130841Z_a267de\evaluation.json
task3_formal_20260927T075834Z_d335ae80,epoch_085,gradient_norm_D_B,5.566661344528198,l2_norm,train,,task3_gan\Yuyao_Ding\outputs\task3_formal_20260927T075834Z_d335ae80\evaluation_20260927T130841Z_a267de\evaluation.json
task3_formal_20260927T075834Z_d335ae80,epoch_086,G_A2B_adversarial,0.46708695696294306,loss,train,,task3_gan\Yuyao_Ding\outputs\task3_formal_20260927T075834Z_d335ae80\evaluation_20260927T130841Z_a267de\evaluation.json
task3_formal_20260927T075834Z_d335ae80,epoch_086,G_B2A_adversarial,0.6501162504740059,loss,train,,task3_gan\Yuyao_Ding\outputs\task3_formal_20260927T075834Z_d335ae80\evaluation_20260927T130841Z_a267de\evaluation.json
task3_formal_20260927T075834Z_d335ae80,epoch_086,D_A,0.10416858811862767,loss,train,,task3_gan\Yuyao_Ding\outputs\task3_formal_20260927T075834Z_d335ae80\evaluation_20260927T130841Z_a267de\evaluation.json
task3_formal_20260927T075834Z_d335ae80,epoch_086,D_B,0.16091493167355655,loss,train,,task3_gan\Yuyao_Ding\outputs\task3_formal_20260927T075834Z_d335ae80\evaluation_20260927T130841Z_a267de\evaluation.json
task3_formal_20260927T075834Z_d335ae80,epoch_086,G_total,3.6861164808273315,loss,train,,task3_gan\Yuyao_Ding\outputs\task3_formal_20260927T075834Z_d335ae80\evaluation_20260927T130841Z_a267de\evaluation.json
task3_formal_20260927T075834Z_d335ae80,epoch_086,cycle_A,0.07457484508305788,loss,train,,task3_gan\Yuyao_Ding\outputs\task3_formal_20260927T075834Z_d335ae80\evaluation_20260927T130841Z_a267de\evaluation.json
task3_formal_20260927T075834Z_d335ae80,epoch_086,cycle_B,0.1042873294018209,loss,train,,task3_gan\Yuyao_Ding\outputs\task3_formal_20260927T075834Z_d335ae80\evaluation_20260927T130841Z_a267de\evaluation.json
task3_formal_20260927T075834Z_d335ae80,epoch_086,identity_A,0.06734590743668377,loss,train,,task3_gan\Yuyao_Ding\outputs\task3_formal_20260927T075834Z_d335ae80\evaluation_20260927T130841Z_a267de\evaluation.json
task3_formal_20260927T075834Z_d335ae80,epoch_086,identity_B,0.08871239666454495,loss,train,,task3_gan\Yuyao_Ding\outputs\task3_formal_20260927T075834Z_d335ae80\evaluation_20260927T130841Z_a267de\evaluation.json
task3_formal_20260927T075834Z_d335ae80,epoch_086,gradient_norm_G_A2B,14.55500037407875,l2_norm,train,,task3_gan\Yuyao_Ding\outputs\task3_formal_20260927T075834Z_d335ae80\evaluation_20260927T130841Z_a267de\evaluation.json
task3_formal_20260927T075834Z_d335ae80,epoch_086,gradient_norm_G_B2A,17.913515401363373,l2_norm,train,,task3_gan\Yuyao_Ding\outputs\task3_formal_20260927T075834Z_d335ae80\evaluation_20260927T130841Z_a267de\evaluation.json
task3_formal_20260927T075834Z_d335ae80,epoch_086,gradient_norm_D_A,5.804126655936241,l2_norm,train,,task3_gan\Yuyao_Ding\outputs\task3_formal_20260927T075834Z_d335ae80\evaluation_20260927T130841Z_a267de\evaluation.json
task3_formal_20260927T075834Z_d335ae80,epoch_086,gradient_norm_D_B,5.449424505710602,l2_norm,train,,task3_gan\Yuyao_Ding\outputs\task3_formal_20260927T075834Z_d335ae80\evaluation_20260927T130841Z_a267de\evaluation.json
task3_formal_20260927T075834Z_d335ae80,epoch_087,G_A2B_adversarial,0.47534035123884677,loss,train,,task3_gan\Yuyao_Ding\outputs\task3_formal_20260927T075834Z_d335ae80\evaluation_20260927T130841Z_a267de\evaluation.json
task3_formal_20260927T075834Z_d335ae80,epoch_087,G_B2A_adversarial,0.6673063697628677,loss,train,,task3_gan\Yuyao_Ding\outputs\task3_formal_20260927T075834Z_d335ae80\evaluation_20260927T130841Z_a267de\evaluation.json
task3_formal_20260927T075834Z_d335ae80,epoch_087,D_A,0.09878322407603264,loss,train,,task3_gan\Yuyao_Ding\outputs\task3_formal_20260927T075834Z_d335ae80\evaluation_20260927T130841Z_a267de\evaluation.json
task3_formal_20260927T075834Z_d335ae80,epoch_087,D_B,0.15797160682454706,loss,train,,task3_gan\Yuyao_Ding\outputs\task3_formal_20260927T075834Z_d335ae80\evaluation_20260927T130841Z_a267de\evaluation.json
task3_formal_20260927T075834Z_d335ae80,epoch_087,G_total,3.637969335317612,loss,train,,task3_gan\Yuyao_Ding\outputs\task3_formal_20260927T075834Z_d335ae80\evaluation_20260927T130841Z_a267de\evaluation.json
task3_formal_20260927T075834Z_d335ae80,epoch_087,cycle_A,0.07321565671637655,loss,train,,task3_gan\Yuyao_Ding\outputs\task3_formal_20260927T075834Z_d335ae80\evaluation_20260927T130841Z_a267de\evaluation.json
task3_formal_20260927T075834Z_d335ae80,epoch_087,cycle_B,0.10089186141639948,loss,train,,task3_gan\Yuyao_Ding\outputs\task3_formal_20260927T075834Z_d335ae80\evaluation_20260927T130841Z_a267de\evaluation.json
task3_formal_20260927T075834Z_d335ae80,epoch_087,identity_A,0.06538070496357977,loss,train,,task3_gan\Yuyao_Ding\outputs\task3_formal_20260927T075834Z_d335ae80\evaluation_20260927T130841Z_a267de\evaluation.json
task3_formal_20260927T075834Z_d335ae80,epoch_087,identity_B,0.08546878010034561,loss,train,,task3_gan\Yuyao_Ding\outputs\task3_formal_20260927T075834Z_d335ae80\evaluation_20260927T130841Z_a267de\evaluation.json
task3_formal_20260927T075834Z_d335ae80,epoch_087,gradient_norm_G_A2B,13.939593053340912,l2_norm,train,,task3_gan\Yuyao_Ding\outputs\task3_formal_20260927T075834Z_d335ae80\evaluation_20260927T130841Z_a267de\evaluation.json
task3_formal_20260927T075834Z_d335ae80,epoch_087,gradient_norm_G_B2A,17.577808520317078,l2_norm,train,,task3_gan\Yuyao_Ding\outputs\task3_formal_20260927T075834Z_d335ae80\evaluation_20260927T130841Z_a267de\evaluation.json
task3_formal_20260927T075834Z_d335ae80,epoch_087,gradient_norm_D_A,5.463649594664574,l2_norm,train,,task3_gan\Yuyao_Ding\outputs\task3_formal_20260927T075834Z_d335ae80\evaluation_20260927T130841Z_a267de\evaluation.json
task3_formal_20260927T075834Z_d335ae80,epoch_087,gradient_norm_D_B,5.564349311828614,l2_norm,train,,task3_gan\Yuyao_Ding\outputs\task3_formal_20260927T075834Z_d335ae80\evaluation_20260927T130841Z_a267de\evaluation.json
task3_formal_20260927T075834Z_d335ae80,epoch_088,G_A2B_adversarial,0.49078877092897893,loss,train,,task3_gan\Yuyao_Ding\outputs\task3_formal_20260927T075834Z_d335ae80\evaluation_20260927T130841Z_a267de\evaluation.json
task3_formal_20260927T075834Z_d335ae80,epoch_088,G_B2A_adversarial,0.6720010535307228,loss,train,,task3_gan\Yuyao_Ding\outputs\task3_formal_20260927T075834Z_d335ae80\evaluation_20260927T130841Z_a267de\evaluation.json
task3_formal_20260927T075834Z_d335ae80,epoch_088,D_A,0.09664824551343917,loss,train,,task3_gan\Yuyao_Ding\outputs\task3_formal_20260927T075834Z_d335ae80\evaluation_20260927T130841Z_a267de\evaluation.json
task3_formal_20260927T075834Z_d335ae80,epoch_088,D_B,0.15513149907812476,loss,train,,task3_gan\Yuyao_Ding\outputs\task3_formal_20260927T075834Z_d335ae80\evaluation_20260927T130841Z_a267de\evaluation.json
task3_formal_20260927T075834Z_d335ae80,epoch_088,G_total,3.6735018413066864,loss,train,,task3_gan\Yuyao_Ding\outputs\task3_formal_20260927T075834Z_d335ae80\evaluation_20260927T130841Z_a267de\evaluation.json
task3_formal_20260927T075834Z_d335ae80,epoch_088,cycle_A,0.07307245383411645,loss,train,,task3_gan\Yuyao_Ding\outputs\task3_formal_20260927T075834Z_d335ae80\evaluation_20260927T130841Z_a267de\evaluation.json
task3_formal_20260927T075834Z_d335ae80,epoch_088,cycle_B,0.10194828482344746,loss,train,,task3_gan\Yuyao_Ding\outputs\task3_formal_20260927T075834Z_d335ae80\evaluation_20260927T130841Z_a267de\evaluation.json
task3_formal_20260927T075834Z_d335ae80,epoch_088,identity_A,0.06537883638590575,loss,train,,task3_gan\Yuyao_Ding\outputs\task3_formal_20260927T075834Z_d335ae80\evaluation_20260927T130841Z_a267de\evaluation.json
task3_formal_20260927T075834Z_d335ae80,epoch_088,identity_B,0.08672208772040904,loss,train,,task3_gan\Yuyao_Ding\outputs\task3_formal_20260927T075834Z_d335ae80\evaluation_20260927T130841Z_a267de\evaluation.json
task3_formal_20260927T075834Z_d335ae80,epoch_088,gradient_norm_G_A2B,14.073857927799224,l2_norm,train,,task3_gan\Yuyao_Ding\outputs\task3_formal_20260927T075834Z_d335ae80\evaluation_20260927T130841Z_a267de\evaluation.json
task3_formal_20260927T075834Z_d335ae80,epoch_088,gradient_norm_G_B2A,17.948917828559875,l2_norm,train,,task3_gan\Yuyao_Ding\outputs\task3_formal_20260927T075834Z_d335ae80\evaluation_20260927T130841Z_a267de\evaluation.json
task3_formal_20260927T075834Z_d335ae80,epoch_088,gradient_norm_D_A,5.4250226111412045,l2_norm,train,,task3_gan\Yuyao_Ding\outputs\task3_formal_20260927T075834Z_d335ae80\evaluation_20260927T130841Z_a267de\evaluation.json
task3_formal_20260927T075834Z_d335ae80,epoch_088,gradient_norm_D_B,5.526481154084205,l2_norm,train,,task3_gan\Yuyao_Ding\outputs\task3_formal_20260927T075834Z_d335ae80\evaluation_20260927T130841Z_a267de\evaluation.json
task3_formal_20260927T075834Z_d335ae80,epoch_089,G_A2B_adversarial,0.4648467115350068,loss,train,,task3_gan\Yuyao_Ding\outputs\task3_formal_20260927T075834Z_d335ae80\evaluation_20260927T130841Z_a267de\evaluation.json
task3_formal_20260927T075834Z_d335ae80,epoch_089,G_B2A_adversarial,0.6527378652095794,loss,train,,task3_gan\Yuyao_Ding\outputs\task3_formal_20260927T075834Z_d335ae80\evaluation_20260927T130841Z_a267de\evaluation.json
task3_formal_20260927T075834Z_d335ae80,epoch_089,D_A,0.0994989318922162,loss,train,,task3_gan\Yuyao_Ding\outputs\task3_formal_20260927T075834Z_d335ae80\evaluation_20260927T130841Z_a267de\evaluation.json
task3_formal_20260927T075834Z_d335ae80,epoch_089,D_B,0.1616150340475142,loss,train,,task3_gan\Yuyao_Ding\outputs\task3_formal_20260927T075834Z_d335ae80\evaluation_20260927T130841Z_a267de\evaluation.json
task3_formal_20260927T075834Z_d335ae80,epoch_089,G_total,3.5589382107257843,loss,train,,task3_gan\Yuyao_Ding\outputs\task3_formal_20260927T075834Z_d335ae80\evaluation_20260927T130841Z_a267de\evaluation.json
task3_formal_20260927T075834Z_d335ae80,epoch_089,cycle_A,0.07186821465939283,loss,train,,task3_gan\Yuyao_Ding\outputs\task3_formal_20260927T075834Z_d335ae80\evaluation_20260927T130841Z_a267de\evaluation.json
task3_formal_20260927T075834Z_d335ae80,epoch_089,cycle_B,0.09875011549890042,loss,train,,task3_gan\Yuyao_Ding\outputs\task3_formal_20260927T075834Z_d335ae80\evaluation_20260927T130841Z_a267de\evaluation.json
task3_formal_20260927T075834Z_d335ae80,epoch_089,identity_A,0.06480946314334869,loss,train,,task3_gan\Yuyao_Ding\outputs\task3_formal_20260927T075834Z_d335ae80\evaluation_20260927T130841Z_a267de\evaluation.json
task3_formal_20260927T075834Z_d335ae80,epoch_089,identity_B,0.08222460237145424,loss,train,,task3_gan\Yuyao_Ding\outputs\task3_formal_20260927T075834Z_d335ae80\evaluation_20260927T130841Z_a267de\evaluation.json
task3_formal_20260927T075834Z_d335ae80,epoch_089,gradient_norm_G_A2B,13.844656839609145,l2_norm,train,,task3_gan\Yuyao_Ding\outputs\task3_formal_20260927T075834Z_d335ae80\evaluation_20260927T130841Z_a267de\evaluation.json
task3_formal_20260927T075834Z_d335ae80,epoch_089,gradient_norm_G_B2A,17.67935883283615,l2_norm,train,,task3_gan\Yuyao_Ding\outputs\task3_formal_20260927T075834Z_d335ae80\evaluation_20260927T130841Z_a267de\evaluation.json
task3_formal_20260927T075834Z_d335ae80,epoch_089,gradient_norm_D_A,5.554436381697655,l2_norm,train,,task3_gan\Yuyao_Ding\outputs\task3_formal_20260927T075834Z_d335ae80\evaluation_20260927T130841Z_a267de\evaluation.json
task3_formal_20260927T075834Z_d335ae80,epoch_089,gradient_norm_D_B,5.551652027487755,l2_norm,train,,task3_gan\Yuyao_Ding\outputs\task3_formal_20260927T075834Z_d335ae80\evaluation_20260927T130841Z_a267de\evaluation.json
task3_formal_20260927T075834Z_d335ae80,epoch_090,G_A2B_adversarial,0.4821703609377146,loss,train,,task3_gan\Yuyao_Ding\outputs\task3_formal_20260927T075834Z_d335ae80\evaluation_20260927T130841Z_a267de\evaluation.json
task3_formal_20260927T075834Z_d335ae80,epoch_090,G_B2A_adversarial,0.6767254512161016,loss,train,,task3_gan\Yuyao_Ding\outputs\task3_formal_20260927T075834Z_d335ae80\evaluation_20260927T130841Z_a267de\evaluation.json
task3_formal_20260927T075834Z_d335ae80,epoch_090,D_A,0.09714325890690088,loss,train,,task3_gan\Yuyao_Ding\outputs\task3_formal_20260927T075834Z_d335ae80\evaluation_20260927T130841Z_a267de\evaluation.json
task3_formal_20260927T075834Z_d335ae80,epoch_090,D_B,0.1603064073268324,loss,train,,task3_gan\Yuyao_Ding\outputs\task3_formal_20260927T075834Z_d335ae80\evaluation_20260927T130841Z_a267de\evaluation.json
task3_formal_20260927T075834Z_d335ae80,epoch_090,G_total,3.6166593866348267,loss,train,,task3_gan\Yuyao_Ding\outputs\task3_formal_20260927T075834Z_d335ae80\evaluation_20260927T130841Z_a267de\evaluation.json
task3_formal_20260927T075834Z_d335ae80,epoch_090,cycle_A,0.07283424719050527,loss,train,,task3_gan\Yuyao_Ding\outputs\task3_formal_20260927T075834Z_d335ae80\evaluation_20260927T130841Z_a267de\evaluation.json
task3_formal_20260927T075834Z_d335ae80,epoch_090,cycle_B,0.0988003429286182,loss,train,,task3_gan\Yuyao_Ding\outputs\task3_formal_20260927T075834Z_d335ae80\evaluation_20260927T130841Z_a267de\evaluation.json
task3_formal_20260927T075834Z_d335ae80,epoch_090,identity_A,0.06485757485404611,loss,train,,task3_gan\Yuyao_Ding\outputs\task3_formal_20260927T075834Z_d335ae80\evaluation_20260927T130841Z_a267de\evaluation.json
task3_formal_20260927T075834Z_d335ae80,epoch_090,identity_B,0.0834259598776698,loss,train,,task3_gan\Yuyao_Ding\outputs\task3_formal_20260927T075834Z_d335ae80\evaluation_20260927T130841Z_a267de\evaluation.json
task3_formal_20260927T075834Z_d335ae80,epoch_090,gradient_norm_G_A2B,14.254646089315415,l2_norm,train,,task3_gan\Yuyao_Ding\outputs\task3_formal_20260927T075834Z_d335ae80\evaluation_20260927T130841Z_a267de\evaluation.json
task3_formal_20260927T075834Z_d335ae80,epoch_090,gradient_norm_G_B2A,18.316935457229615,l2_norm,train,,task3_gan\Yuyao_Ding\outputs\task3_formal_20260927T075834Z_d335ae80\evaluation_20260927T130841Z_a267de\evaluation.json
task3_formal_20260927T075834Z_d335ae80,epoch_090,gradient_norm_D_A,5.490709126353264,l2_norm,train,,task3_gan\Yuyao_Ding\outputs\task3_formal_20260927T075834Z_d335ae80\evaluation_20260927T130841Z_a267de\evaluation.json
task3_formal_20260927T075834Z_d335ae80,epoch_090,gradient_norm_D_B,5.640740426659584,l2_norm,train,,task3_gan\Yuyao_Ding\outputs\task3_formal_20260927T075834Z_d335ae80\evaluation_20260927T130841Z_a267de\evaluation.json
task3_formal_20260927T075834Z_d335ae80,epoch_091,G_A2B_adversarial,0.4853406217470765,loss,train,,task3_gan\Yuyao_Ding\outputs\task3_formal_20260927T075834Z_d335ae80\evaluation_20260927T130841Z_a267de\evaluation.json
task3_formal_20260927T075834Z_d335ae80,epoch_091,G_B2A_adversarial,0.6857102997228504,loss,train,,task3_gan\Yuyao_Ding\outputs\task3_formal_20260927T075834Z_d335ae80\evaluation_20260927T130841Z_a267de\evaluation.json
task3_formal_20260927T075834Z_d335ae80,epoch_091,D_A,0.09130532702244819,loss,train,,task3_gan\Yuyao_Ding\outputs\task3_formal_20260927T075834Z_d335ae80\evaluation_20260927T130841Z_a267de\evaluation.json
task3_formal_20260927T075834Z_d335ae80,epoch_091,D_B,0.15589811179973184,loss,train,,task3_gan\Yuyao_Ding\outputs\task3_formal_20260927T075834Z_d335ae80\evaluation_20260927T130841Z_a267de\evaluation.json
task3_formal_20260927T075834Z_d335ae80,epoch_091,G_total,3.6068652603626252,loss,train,,task3_gan\Yuyao_Ding\outputs\task3_formal_20260927T075834Z_d335ae80\evaluation_20260927T130841Z_a267de\evaluation.json
task3_formal_20260927T075834Z_d335ae80,epoch_091,cycle_A,0.07261476293206215,loss,train,,task3_gan\Yuyao_Ding\outputs\task3_formal_20260927T075834Z_d335ae80\evaluation_20260927T130841Z_a267de\evaluation.json
task3_formal_20260927T075834Z_d335ae80,epoch_091,cycle_B,0.09801161854714155,loss,train,,task3_gan\Yuyao_Ding\outputs\task3_formal_20260927T075834Z_d335ae80\evaluation_20260927T130841Z_a267de\evaluation.json
task3_formal_20260927T075834Z_d335ae80,epoch_091,identity_A,0.06452596957236528,loss,train,,task3_gan\Yuyao_Ding\outputs\task3_formal_20260927T075834Z_d335ae80\evaluation_20260927T130841Z_a267de\evaluation.json
task3_formal_20260927T075834Z_d335ae80,epoch_091,identity_B,0.08138413532078266,loss,train,,task3_gan\Yuyao_Ding\outputs\task3_formal_20260927T075834Z_d335ae80\evaluation_20260927T130841Z_a267de\evaluation.json
task3_formal_20260927T075834Z_d335ae80,epoch_091,gradient_norm_G_A2B,13.793753812789918,l2_norm,train,,task3_gan\Yuyao_Ding\outputs\task3_formal_20260927T075834Z_d335ae80\evaluation_20260927T130841Z_a267de\evaluation.json
task3_formal_20260927T075834Z_d335ae80,epoch_091,gradient_norm_G_B2A,17.99895124101639,l2_norm,train,,task3_gan\Yuyao_Ding\outputs\task3_formal_20260927T075834Z_d335ae80\evaluation_20260927T130841Z_a267de\evaluation.json
task3_formal_20260927T075834Z_d335ae80,epoch_091,gradient_norm_D_A,5.363225360155106,l2_norm,train,,task3_gan\Yuyao_Ding\outputs\task3_formal_20260927T075834Z_d335ae80\evaluation_20260927T130841Z_a267de\evaluation.json
task3_formal_20260927T075834Z_d335ae80,epoch_091,gradient_norm_D_B,5.513952523231507,l2_norm,train,,task3_gan\Yuyao_Ding\outputs\task3_formal_20260927T075834Z_d335ae80\evaluation_20260927T130841Z_a267de\evaluation.json
task3_formal_20260927T075834Z_d335ae80,epoch_092,G_A2B_adversarial,0.48196755451709034,loss,train,,task3_gan\Yuyao_Ding\outputs\task3_formal_20260927T075834Z_d335ae80\evaluation_20260927T130841Z_a267de\evaluation.json
task3_formal_20260927T075834Z_d335ae80,epoch_092,G_B2A_adversarial,0.6739116505272686,loss,train,,task3_gan\Yuyao_Ding\outputs\task3_formal_20260927T075834Z_d335ae80\evaluation_20260927T130841Z_a267de\evaluation.json
task3_formal_20260927T075834Z_d335ae80,epoch_092,D_A,0.08979948080703616,loss,train,,task3_gan\Yuyao_Ding\outputs\task3_formal_20260927T075834Z_d335ae80\evaluation_20260927T130841Z_a267de\evaluation.json
task3_formal_20260927T075834Z_d335ae80,epoch_092,D_B,0.15629031667485832,loss,train,,task3_gan\Yuyao_Ding\outputs\task3_formal_20260927T075834Z_d335ae80\evaluation_20260927T130841Z_a267de\evaluation.json
task3_formal_20260927T075834Z_d335ae80,epoch_092,G_total,3.561385465621948,loss,train,,task3_gan\Yuyao_Ding\outputs\task3_formal_20260927T075834Z_d335ae80\evaluation_20260927T130841Z_a267de\evaluation.json
task3_formal_20260927T075834Z_d335ae80,epoch_092,cycle_A,0.07130341524258256,loss,train,,task3_gan\Yuyao_Ding\outputs\task3_formal_20260927T075834Z_d335ae80\evaluation_20260927T130841Z_a267de\evaluation.json
task3_formal_20260927T075834Z_d335ae80,epoch_092,cycle_B,0.09694258039072155,loss,train,,task3_gan\Yuyao_Ding\outputs\task3_formal_20260927T075834Z_d335ae80\evaluation_20260927T130841Z_a267de\evaluation.json
task3_formal_20260927T075834Z_d335ae80,epoch_092,identity_A,0.06301740469411016,loss,train,,task3_gan\Yuyao_Ding\outputs\task3_formal_20260927T075834Z_d335ae80\evaluation_20260927T130841Z_a267de\evaluation.json
task3_formal_20260927T075834Z_d335ae80,epoch_092,identity_B,0.08159185543842613,loss,train,,task3_gan\Yuyao_Ding\outputs\task3_formal_20260927T075834Z_d335ae80\evaluation_20260927T130841Z_a267de\evaluation.json
task3_formal_20260927T075834Z_d335ae80,epoch_092,gradient_norm_G_A2B,13.91083672094345,l2_norm,train,,task3_gan\Yuyao_Ding\outputs\task3_formal_20260927T075834Z_d335ae80\evaluation_20260927T130841Z_a267de\evaluation.json
task3_formal_20260927T075834Z_d335ae80,epoch_092,gradient_norm_G_B2A,18.098806152820586,l2_norm,train,,task3_gan\Yuyao_Ding\outputs\task3_formal_20260927T075834Z_d335ae80\evaluation_20260927T130841Z_a267de\evaluation.json
task3_formal_20260927T075834Z_d335ae80,epoch_092,gradient_norm_D_A,5.222594461202622,l2_norm,train,,task3_gan\Yuyao_Ding\outputs\task3_formal_20260927T075834Z_d335ae80\evaluation_20260927T130841Z_a267de\evaluation.json
task3_formal_20260927T075834Z_d335ae80,epoch_092,gradient_norm_D_B,5.620631041765213,l2_norm,train,,task3_gan\Yuyao_Ding\outputs\task3_formal_20260927T075834Z_d335ae80\evaluation_20260927T130841Z_a267de\evaluation.json
task3_formal_20260927T075834Z_d335ae80,epoch_093,G_A2B_adversarial,0.4843541294783354,loss,train,,task3_gan\Yuyao_Ding\outputs\task3_formal_20260927T075834Z_d335ae80\evaluation_20260927T130841Z_a267de\evaluation.json
task3_formal_20260927T075834Z_d335ae80,epoch_093,G_B2A_adversarial,0.6921461391299963,loss,train,,task3_gan\Yuyao_Ding\outputs\task3_formal_20260927T075834Z_d335ae80\evaluation_20260927T130841Z_a267de\evaluation.json
task3_formal_20260927T075834Z_d335ae80,epoch_093,D_A,0.0912769487798214,loss,train,,task3_gan\Yuyao_Ding\outputs\task3_formal_20260927T075834Z_d335ae80\evaluation_20260927T130841Z_a267de\evaluation.json
task3_formal_20260927T075834Z_d335ae80,epoch_093,D_B,0.15679289548285305,loss,train,,task3_gan\Yuyao_Ding\outputs\task3_formal_20260927T075834Z_d335ae80\evaluation_20260927T130841Z_a267de\evaluation.json
task3_formal_20260927T075834Z_d335ae80,epoch_093,G_total,3.5657226486206053,loss,train,,task3_gan\Yuyao_Ding\outputs\task3_formal_20260927T075834Z_d335ae80\evaluation_20260927T130841Z_a267de\evaluation.json
task3_formal_20260927T075834Z_d335ae80,epoch_093,cycle_A,0.07096167900040745,loss,train,,task3_gan\Yuyao_Ding\outputs\task3_formal_20260927T075834Z_d335ae80\evaluation_20260927T130841Z_a267de\evaluation.json
task3_formal_20260927T075834Z_d335ae80,epoch_093,cycle_B,0.09669107453525067,loss,train,,task3_gan\Yuyao_Ding\outputs\task3_formal_20260927T075834Z_d335ae80\evaluation_20260927T130841Z_a267de\evaluation.json
task3_formal_20260927T075834Z_d335ae80,epoch_093,identity_A,0.06279429181665182,loss,train,,task3_gan\Yuyao_Ding\outputs\task3_formal_20260927T075834Z_d335ae80\evaluation_20260927T130841Z_a267de\evaluation.json
task3_formal_20260927T075834Z_d335ae80,epoch_093,identity_B,0.07974467583186924,loss,train,,task3_gan\Yuyao_Ding\outputs\task3_formal_20260927T075834Z_d335ae80\evaluation_20260927T130841Z_a267de\evaluation.json
task3_formal_20260927T075834Z_d335ae80,epoch_093,gradient_norm_G_A2B,13.835095098972321,l2_norm,train,,task3_gan\Yuyao_Ding\outputs\task3_formal_20260927T075834Z_d335ae80\evaluation_20260927T130841Z_a267de\evaluation.json
task3_formal_20260927T075834Z_d335ae80,epoch_093,gradient_norm_G_B2A,18.99752780008316,l2_norm,train,,task3_gan\Yuyao_Ding\outputs\task3_formal_20260927T075834Z_d335ae80\evaluation_20260927T130841Z_a267de\evaluation.json
task3_formal_20260927T075834Z_d335ae80,epoch_093,gradient_norm_D_A,5.315174596190452,l2_norm,train,,task3_gan\Yuyao_Ding\outputs\task3_formal_20260927T075834Z_d335ae80\evaluation_20260927T130841Z_a267de\evaluation.json
task3_formal_20260927T075834Z_d335ae80,epoch_093,gradient_norm_D_B,5.719587528467178,l2_norm,train,,task3_gan\Yuyao_Ding\outputs\task3_formal_20260927T075834Z_d335ae80\evaluation_20260927T130841Z_a267de\evaluation.json
task3_formal_20260927T075834Z_d335ae80,epoch_094,G_A2B_adversarial,0.47902443128824235,loss,train,,task3_gan\Yuyao_Ding\outputs\task3_formal_20260927T075834Z_d335ae80\evaluation_20260927T130841Z_a267de\evaluation.json
task3_formal_20260927T075834Z_d335ae80,epoch_094,G_B2A_adversarial,0.6855879612267017,loss,train,,task3_gan\Yuyao_Ding\outputs\task3_formal_20260927T075834Z_d335ae80\evaluation_20260927T130841Z_a267de\evaluation.json
task3_formal_20260927T075834Z_d335ae80,epoch_094,D_A,0.09029474619030953,loss,train,,task3_gan\Yuyao_Ding\outputs\task3_formal_20260927T075834Z_d335ae80\evaluation_20260927T130841Z_a267de\evaluation.json
task3_formal_20260927T075834Z_d335ae80,epoch_094,D_B,0.15673136930540205,loss,train,,task3_gan\Yuyao_Ding\outputs\task3_formal_20260927T075834Z_d335ae80\evaluation_20260927T130841Z_a267de\evaluation.json
task3_formal_20260927T075834Z_d335ae80,epoch_094,G_total,3.570755306005478,loss,train,,task3_gan\Yuyao_Ding\outputs\task3_formal_20260927T075834Z_d335ae80\evaluation_20260927T130841Z_a267de\evaluation.json
task3_formal_20260927T075834Z_d335ae80,epoch_094,cycle_A,0.07029196748510003,loss,train,,task3_gan\Yuyao_Ding\outputs\task3_formal_20260927T075834Z_d335ae80\evaluation_20260927T130841Z_a267de\evaluation.json
task3_formal_20260927T075834Z_d335ae80,epoch_094,cycle_B,0.09806623194739222,loss,train,,task3_gan\Yuyao_Ding\outputs\task3_formal_20260927T075834Z_d335ae80\evaluation_20260927T130841Z_a267de\evaluation.json
task3_formal_20260927T075834Z_d335ae80,epoch_094,identity_A,0.0619390833992511,loss,train,,task3_gan\Yuyao_Ding\outputs\task3_formal_20260927T075834Z_d335ae80\evaluation_20260927T130841Z_a267de\evaluation.json
task3_formal_20260927T075834Z_d335ae80,epoch_094,identity_B,0.08257309903949499,loss,train,,task3_gan\Yuyao_Ding\outputs\task3_formal_20260927T075834Z_d335ae80\evaluation_20260927T130841Z_a267de\evaluation.json
task3_formal_20260927T075834Z_d335ae80,epoch_094,gradient_norm_G_A2B,13.834457784175873,l2_norm,train,,task3_gan\Yuyao_Ding\outputs\task3_formal_20260927T075834Z_d335ae80\evaluation_20260927T130841Z_a267de\evaluation.json
task3_formal_20260927T075834Z_d335ae80,epoch_094,gradient_norm_G_B2A,18.541346880435945,l2_norm,train,,task3_gan\Yuyao_Ding\outputs\task3_formal_20260927T075834Z_d335ae80\evaluation_20260927T130841Z_a267de\evaluation.json
task3_formal_20260927T075834Z_d335ae80,epoch_094,gradient_norm_D_A,5.315156856179238,l2_norm,train,,task3_gan\Yuyao_Ding\outputs\task3_formal_20260927T075834Z_d335ae80\evaluation_20260927T130841Z_a267de\evaluation.json
task3_formal_20260927T075834Z_d335ae80,epoch_094,gradient_norm_D_B,5.5288570854663845,l2_norm,train,,task3_gan\Yuyao_Ding\outputs\task3_formal_20260927T075834Z_d335ae80\evaluation_20260927T130841Z_a267de\evaluation.json
task3_formal_20260927T075834Z_d335ae80,epoch_095,G_A2B_adversarial,0.482454795204103,loss,train,,task3_gan\Yuyao_Ding\outputs\task3_formal_20260927T075834Z_d335ae80\evaluation_20260927T130841Z_a267de\evaluation.json
task3_formal_20260927T075834Z_d335ae80,epoch_095,G_B2A_adversarial,0.6911005204059184,loss,train,,task3_gan\Yuyao_Ding\outputs\task3_formal_20260927T075834Z_d335ae80\evaluation_20260927T130841Z_a267de\evaluation.json
task3_formal_20260927T075834Z_d335ae80,epoch_095,D_A,0.08873752583377063,loss,train,,task3_gan\Yuyao_Ding\outputs\task3_formal_20260927T075834Z_d335ae80\evaluation_20260927T130841Z_a267de\evaluation.json
task3_formal_20260927T075834Z_d335ae80,epoch_095,D_B,0.15729583267495037,loss,train,,task3_gan\Yuyao_Ding\outputs\task3_formal_20260927T075834Z_d335ae80\evaluation_20260927T130841Z_a267de\evaluation.json
task3_formal_20260927T075834Z_d335ae80,epoch_095,G_total,3.563877351999283,loss,train,,task3_gan\Yuyao_Ding\outputs\task3_formal_20260927T075834Z_d335ae80\evaluation_20260927T130841Z_a267de\evaluation.json
task3_formal_20260927T075834Z_d335ae80,epoch_095,cycle_A,0.07010864311084151,loss,train,,task3_gan\Yuyao_Ding\outputs\task3_formal_20260927T075834Z_d335ae80\evaluation_20260927T130841Z_a267de\evaluation.json
task3_formal_20260927T075834Z_d335ae80,epoch_095,cycle_B,0.09693352960422635,loss,train,,task3_gan\Yuyao_Ding\outputs\task3_formal_20260927T075834Z_d335ae80\evaluation_20260927T130841Z_a267de\evaluation.json
task3_formal_20260927T075834Z_d335ae80,epoch_095,identity_A,0.062051410367712376,loss,train,,task3_gan\Yuyao_Ding\outputs\task3_formal_20260927T075834Z_d335ae80\evaluation_20260927T130841Z_a267de\evaluation.json
task3_formal_20260927T075834Z_d335ae80,epoch_095,identity_B,0.0819286487326026,loss,train,,task3_gan\Yuyao_Ding\outputs\task3_formal_20260927T075834Z_d335ae80\evaluation_20260927T130841Z_a267de\evaluation.json
task3_formal_20260927T075834Z_d335ae80,epoch_095,gradient_norm_G_A2B,13.802346911430359,l2_norm,train,,task3_gan\Yuyao_Ding\outputs\task3_formal_20260927T075834Z_d335ae80\evaluation_20260927T130841Z_a267de\evaluation.json
task3_formal_20260927T075834Z_d335ae80,epoch_095,gradient_norm_G_B2A,18.690064771175386,l2_norm,train,,task3_gan\Yuyao_Ding\outputs\task3_formal_20260927T075834Z_d335ae80\evaluation_20260927T130841Z_a267de\evaluation.json
task3_formal_20260927T075834Z_d335ae80,epoch_095,gradient_norm_D_A,5.126205374598503,l2_norm,train,,task3_gan\Yuyao_Ding\outputs\task3_formal_20260927T075834Z_d335ae80\evaluation_20260927T130841Z_a267de\evaluation.json
task3_formal_20260927T075834Z_d335ae80,epoch_095,gradient_norm_D_B,5.55807579600811,l2_norm,train,,task3_gan\Yuyao_Ding\outputs\task3_formal_20260927T075834Z_d335ae80\evaluation_20260927T130841Z_a267de\evaluation.json
task3_formal_20260927T075834Z_d335ae80,epoch_096,G_A2B_adversarial,0.4863910354822874,loss,train,,task3_gan\Yuyao_Ding\outputs\task3_formal_20260927T075834Z_d335ae80\evaluation_20260927T130841Z_a267de\evaluation.json
task3_formal_20260927T075834Z_d335ae80,epoch_096,G_B2A_adversarial,0.6909673849530518,loss,train,,task3_gan\Yuyao_Ding\outputs\task3_formal_20260927T075834Z_d335ae80\evaluation_20260927T130841Z_a267de\evaluation.json
task3_formal_20260927T075834Z_d335ae80,epoch_096,D_A,0.08973318442702294,loss,train,,task3_gan\Yuyao_Ding\outputs\task3_formal_20260927T075834Z_d335ae80\evaluation_20260927T130841Z_a267de\evaluation.json
task3_formal_20260927T075834Z_d335ae80,epoch_096,D_B,0.15498605957999825,loss,train,,task3_gan\Yuyao_Ding\outputs\task3_formal_20260927T075834Z_d335ae80\evaluation_20260927T130841Z_a267de\evaluation.json
task3_formal_20260927T075834Z_d335ae80,epoch_096,G_total,3.530182028055191,loss,train,,task3_gan\Yuyao_Ding\outputs\task3_formal_20260927T075834Z_d335ae80\evaluation_20260927T130841Z_a267de\evaluation.json
task3_formal_20260927T075834Z_d335ae80,epoch_096,cycle_A,0.07084507680684328,loss,train,,task3_gan\Yuyao_Ding\outputs\task3_formal_20260927T075834Z_d335ae80\evaluation_20260927T130841Z_a267de\evaluation.json
task3_formal_20260927T075834Z_d335ae80,epoch_096,cycle_B,0.0934726742208004,loss,train,,task3_gan\Yuyao_Ding\outputs\task3_formal_20260927T075834Z_d335ae80\evaluation_20260927T130841Z_a267de\evaluation.json
task3_formal_20260927T075834Z_d335ae80,epoch_096,identity_A,0.06320047290436924,loss,train,,task3_gan\Yuyao_Ding\outputs\task3_formal_20260927T075834Z_d335ae80\evaluation_20260927T130841Z_a267de\evaluation.json
task3_formal_20260927T075834Z_d335ae80,epoch_096,identity_B,0.07872874641790986,loss,train,,task3_gan\Yuyao_Ding\outputs\task3_formal_20260927T075834Z_d335ae80\evaluation_20260927T130841Z_a267de\evaluation.json
task3_formal_20260927T075834Z_d335ae80,epoch_096,gradient_norm_G_A2B,13.69833067369461,l2_norm,train,,task3_gan\Yuyao_Ding\outputs\task3_formal_20260927T075834Z_d335ae80\evaluation_20260927T130841Z_a267de\evaluation.json
task3_formal_20260927T075834Z_d335ae80,epoch_096,gradient_norm_G_B2A,18.792936206817625,l2_norm,train,,task3_gan\Yuyao_Ding\outputs\task3_formal_20260927T075834Z_d335ae80\evaluation_20260927T130841Z_a267de\evaluation.json
task3_formal_20260927T075834Z_d335ae80,epoch_096,gradient_norm_D_A,5.31266563630104,l2_norm,train,,task3_gan\Yuyao_Ding\outputs\task3_formal_20260927T075834Z_d335ae80\evaluation_20260927T130841Z_a267de\evaluation.json
task3_formal_20260927T075834Z_d335ae80,epoch_096,gradient_norm_D_B,5.520077366113663,l2_norm,train,,task3_gan\Yuyao_Ding\outputs\task3_formal_20260927T075834Z_d335ae80\evaluation_20260927T130841Z_a267de\evaluation.json
task3_formal_20260927T075834Z_d335ae80,epoch_097,G_A2B_adversarial,0.47455758868157866,loss,train,,task3_gan\Yuyao_Ding\outputs\task3_formal_20260927T075834Z_d335ae80\evaluation_20260927T130841Z_a267de\evaluation.json
task3_formal_20260927T075834Z_d335ae80,epoch_097,G_B2A_adversarial,0.6948915818035603,loss,train,,task3_gan\Yuyao_Ding\outputs\task3_formal_20260927T075834Z_d335ae80\evaluation_20260927T130841Z_a267de\evaluation.json
task3_formal_20260927T075834Z_d335ae80,epoch_097,D_A,0.08814811643213033,loss,train,,task3_gan\Yuyao_Ding\outputs\task3_formal_20260927T075834Z_d335ae80\evaluation_20260927T130841Z_a267de\evaluation.json
task3_formal_20260927T075834Z_d335ae80,epoch_097,D_B,0.16104657219722868,loss,train,,task3_gan\Yuyao_Ding\outputs\task3_formal_20260927T075834Z_d335ae80\evaluation_20260927T130841Z_a267de\evaluation.json
task3_formal_20260927T075834Z_d335ae80,epoch_097,G_total,3.4857013809680937,loss,train,,task3_gan\Yuyao_Ding\outputs\task3_formal_20260927T075834Z_d335ae80\evaluation_20260927T130841Z_a267de\evaluation.json
task3_formal_20260927T075834Z_d335ae80,epoch_097,cycle_A,0.06870401943102479,loss,train,,task3_gan\Yuyao_Ding\outputs\task3_formal_20260927T075834Z_d335ae80\evaluation_20260927T130841Z_a267de\evaluation.json
task3_formal_20260927T075834Z_d335ae80,epoch_097,cycle_B,0.09372328362241387,loss,train,,task3_gan\Yuyao_Ding\outputs\task3_formal_20260927T075834Z_d335ae80\evaluation_20260927T130841Z_a267de\evaluation.json
task3_formal_20260927T075834Z_d335ae80,epoch_097,identity_A,0.0599928375557065,loss,train,,task3_gan\Yuyao_Ding\outputs\task3_formal_20260927T075834Z_d335ae80\evaluation_20260927T130841Z_a267de\evaluation.json
task3_formal_20260927T075834Z_d335ae80,epoch_097,identity_B,0.0784029969163239,loss,train,,task3_gan\Yuyao_Ding\outputs\task3_formal_20260927T075834Z_d335ae80\evaluation_20260927T130841Z_a267de\evaluation.json
task3_formal_20260927T075834Z_d335ae80,epoch_097,gradient_norm_G_A2B,13.369431948661804,l2_norm,train,,task3_gan\Yuyao_Ding\outputs\task3_formal_20260927T075834Z_d335ae80\evaluation_20260927T130841Z_a267de\evaluation.json
task3_formal_20260927T075834Z_d335ae80,epoch_097,gradient_norm_G_B2A,18.49147836494446,l2_norm,train,,task3_gan\Yuyao_Ding\outputs\task3_formal_20260927T075834Z_d335ae80\evaluation_20260927T130841Z_a267de\evaluation.json
task3_formal_20260927T075834Z_d335ae80,epoch_097,gradient_norm_D_A,5.095632836759091,l2_norm,train,,task3_gan\Yuyao_Ding\outputs\task3_formal_20260927T075834Z_d335ae80\evaluation_20260927T130841Z_a267de\evaluation.json
task3_formal_20260927T075834Z_d335ae80,epoch_097,gradient_norm_D_B,5.624559147357941,l2_norm,train,,task3_gan\Yuyao_Ding\outputs\task3_formal_20260927T075834Z_d335ae80\evaluation_20260927T130841Z_a267de\evaluation.json
task3_formal_20260927T075834Z_d335ae80,epoch_098,G_A2B_adversarial,0.4814188147932291,loss,train,,task3_gan\Yuyao_Ding\outputs\task3_formal_20260927T075834Z_d335ae80\evaluation_20260927T130841Z_a267de\evaluation.json
task3_formal_20260927T075834Z_d335ae80,epoch_098,G_B2A_adversarial,0.710978441618383,loss,train,,task3_gan\Yuyao_Ding\outputs\task3_formal_20260927T075834Z_d335ae80\evaluation_20260927T130841Z_a267de\evaluation.json
task3_formal_20260927T075834Z_d335ae80,epoch_098,D_A,0.08635363977774978,loss,train,,task3_gan\Yuyao_Ding\outputs\task3_formal_20260927T075834Z_d335ae80\evaluation_20260927T130841Z_a267de\evaluation.json
task3_formal_20260927T075834Z_d335ae80,epoch_098,D_B,0.15408298682793975,loss,train,,task3_gan\Yuyao_Ding\outputs\task3_formal_20260927T075834Z_d335ae80\evaluation_20260927T130841Z_a267de\evaluation.json
task3_formal_20260927T075834Z_d335ae80,epoch_098,G_total,3.5107343690395356,loss,train,,task3_gan\Yuyao_Ding\outputs\task3_formal_20260927T075834Z_d335ae80\evaluation_20260927T130841Z_a267de\evaluation.json
task3_formal_20260927T075834Z_d335ae80,epoch_098,cycle_A,0.06858133596554399,loss,train,,task3_gan\Yuyao_Ding\outputs\task3_formal_20260927T075834Z_d335ae80\evaluation_20260927T130841Z_a267de\evaluation.json
task3_formal_20260927T075834Z_d335ae80,epoch_098,cycle_B,0.09381781081482768,loss,train,,task3_gan\Yuyao_Ding\outputs\task3_formal_20260927T075834Z_d335ae80\evaluation_20260927T130841Z_a267de\evaluation.json
task3_formal_20260927T075834Z_d335ae80,epoch_098,identity_A,0.060508781217038635,loss,train,,task3_gan\Yuyao_Ding\outputs\task3_formal_20260927T075834Z_d335ae80\evaluation_20260927T130841Z_a267de\evaluation.json
task3_formal_20260927T075834Z_d335ae80,epoch_098,identity_B,0.0783603473007679,loss,train,,task3_gan\Yuyao_Ding\outputs\task3_formal_20260927T075834Z_d335ae80\evaluation_20260927T130841Z_a267de\evaluation.json
task3_formal_20260927T075834Z_d335ae80,epoch_098,gradient_norm_G_A2B,13.452788539648056,l2_norm,train,,task3_gan\Yuyao_Ding\outputs\task3_formal_20260927T075834Z_d335ae80\evaluation_20260927T130841Z_a267de\evaluation.json
task3_formal_20260927T075834Z_d335ae80,epoch_098,gradient_norm_G_B2A,19.05349393367767,l2_norm,train,,task3_gan\Yuyao_Ding\outputs\task3_formal_20260927T075834Z_d335ae80\evaluation_20260927T130841Z_a267de\evaluation.json
task3_formal_20260927T075834Z_d335ae80,epoch_098,gradient_norm_D_A,5.1252214601039885,l2_norm,train,,task3_gan\Yuyao_Ding\outputs\task3_formal_20260927T075834Z_d335ae80\evaluation_20260927T130841Z_a267de\evaluation.json
task3_formal_20260927T075834Z_d335ae80,epoch_098,gradient_norm_D_B,5.446936036109924,l2_norm,train,,task3_gan\Yuyao_Ding\outputs\task3_formal_20260927T075834Z_d335ae80\evaluation_20260927T130841Z_a267de\evaluation.json
task3_formal_20260927T075834Z_d335ae80,epoch_099,G_A2B_adversarial,0.47151092199981215,loss,train,,task3_gan\Yuyao_Ding\outputs\task3_formal_20260927T075834Z_d335ae80\evaluation_20260927T130841Z_a267de\evaluation.json
task3_formal_20260927T075834Z_d335ae80,epoch_099,G_B2A_adversarial,0.7003287689387798,loss,train,,task3_gan\Yuyao_Ding\outputs\task3_formal_20260927T075834Z_d335ae80\evaluation_20260927T130841Z_a267de\evaluation.json
task3_formal_20260927T075834Z_d335ae80,epoch_099,D_A,0.08690218459255994,loss,train,,task3_gan\Yuyao_Ding\outputs\task3_formal_20260927T075834Z_d335ae80\evaluation_20260927T130841Z_a267de\evaluation.json
task3_formal_20260927T075834Z_d335ae80,epoch_099,D_B,0.15715101249143482,loss,train,,task3_gan\Yuyao_Ding\outputs\task3_formal_20260927T075834Z_d335ae80\evaluation_20260927T130841Z_a267de\evaluation.json
task3_formal_20260927T075834Z_d335ae80,epoch_099,G_total,3.461676868915558,loss,train,,task3_gan\Yuyao_Ding\outputs\task3_formal_20260927T075834Z_d335ae80\evaluation_20260927T130841Z_a267de\evaluation.json
task3_formal_20260927T075834Z_d335ae80,epoch_099,cycle_A,0.06798831949755549,loss,train,,task3_gan\Yuyao_Ding\outputs\task3_formal_20260927T075834Z_d335ae80\evaluation_20260927T130841Z_a267de\evaluation.json
task3_formal_20260927T075834Z_d335ae80,epoch_099,cycle_B,0.09195033141598105,loss,train,,task3_gan\Yuyao_Ding\outputs\task3_formal_20260927T075834Z_d335ae80\evaluation_20260927T130841Z_a267de\evaluation.json
task3_formal_20260927T075834Z_d335ae80,epoch_099,identity_A,0.05990208446234464,loss,train,,task3_gan\Yuyao_Ding\outputs\task3_formal_20260927T075834Z_d335ae80\evaluation_20260927T130841Z_a267de\evaluation.json
task3_formal_20260927T075834Z_d335ae80,epoch_099,identity_B,0.07818804828822613,loss,train,,task3_gan\Yuyao_Ding\outputs\task3_formal_20260927T075834Z_d335ae80\evaluation_20260927T130841Z_a267de\evaluation.json
task3_formal_20260927T075834Z_d335ae80,epoch_099,gradient_norm_G_A2B,13.172440505981445,l2_norm,train,,task3_gan\Yuyao_Ding\outputs\task3_formal_20260927T075834Z_d335ae80\evaluation_20260927T130841Z_a267de\evaluation.json
task3_formal_20260927T075834Z_d335ae80,epoch_099,gradient_norm_G_B2A,19.287914319038393,l2_norm,train,,task3_gan\Yuyao_Ding\outputs\task3_formal_20260927T075834Z_d335ae80\evaluation_20260927T130841Z_a267de\evaluation.json
task3_formal_20260927T075834Z_d335ae80,epoch_099,gradient_norm_D_A,5.048664945065975,l2_norm,train,,task3_gan\Yuyao_Ding\outputs\task3_formal_20260927T075834Z_d335ae80\evaluation_20260927T130841Z_a267de\evaluation.json
task3_formal_20260927T075834Z_d335ae80,epoch_099,gradient_norm_D_B,5.4922243344783785,l2_norm,train,,task3_gan\Yuyao_Ding\outputs\task3_formal_20260927T075834Z_d335ae80\evaluation_20260927T130841Z_a267de\evaluation.json
task3_formal_20260927T075834Z_d335ae80,epoch_100,G_A2B_adversarial,0.48359168229997157,loss,train,,task3_gan\Yuyao_Ding\outputs\task3_formal_20260927T075834Z_d335ae80\evaluation_20260927T130841Z_a267de\evaluation.json
task3_formal_20260927T075834Z_d335ae80,epoch_100,G_B2A_adversarial,0.7186879041343928,loss,train,,task3_gan\Yuyao_Ding\outputs\task3_formal_20260927T075834Z_d335ae80\evaluation_20260927T130841Z_a267de\evaluation.json
task3_formal_20260927T075834Z_d335ae80,epoch_100,D_A,0.08222245123051107,loss,train,,task3_gan\Yuyao_Ding\outputs\task3_formal_20260927T075834Z_d335ae80\evaluation_20260927T130841Z_a267de\evaluation.json
task3_formal_20260927T075834Z_d335ae80,epoch_100,D_B,0.15200288926810027,loss,train,,task3_gan\Yuyao_Ding\outputs\task3_formal_20260927T075834Z_d335ae80\evaluation_20260927T130841Z_a267de\evaluation.json
task3_formal_20260927T075834Z_d335ae80,epoch_100,G_total,3.495432595014572,loss,train,,task3_gan\Yuyao_Ding\outputs\task3_formal_20260927T075834Z_d335ae80\evaluation_20260927T130841Z_a267de\evaluation.json
task3_formal_20260927T075834Z_d335ae80,epoch_100,cycle_A,0.06800181639939547,loss,train,,task3_gan\Yuyao_Ding\outputs\task3_formal_20260927T075834Z_d335ae80\evaluation_20260927T130841Z_a267de\evaluation.json
task3_formal_20260927T075834Z_d335ae80,epoch_100,cycle_B,0.09269362512603402,loss,train,,task3_gan\Yuyao_Ding\outputs\task3_formal_20260927T075834Z_d335ae80\evaluation_20260927T130841Z_a267de\evaluation.json
task3_formal_20260927T075834Z_d335ae80,epoch_100,identity_A,0.059414360597729685,loss,train,,task3_gan\Yuyao_Ding\outputs\task3_formal_20260927T075834Z_d335ae80\evaluation_20260927T130841Z_a267de\evaluation.json
task3_formal_20260927T075834Z_d335ae80,epoch_100,identity_B,0.07782535644620657,loss,train,,task3_gan\Yuyao_Ding\outputs\task3_formal_20260927T075834Z_d335ae80\evaluation_20260927T130841Z_a267de\evaluation.json
task3_formal_20260927T075834Z_d335ae80,epoch_100,gradient_norm_G_A2B,13.631759239673615,l2_norm,train,,task3_gan\Yuyao_Ding\outputs\task3_formal_20260927T075834Z_d335ae80\evaluation_20260927T130841Z_a267de\evaluation.json
task3_formal_20260927T075834Z_d335ae80,epoch_100,gradient_norm_G_B2A,19.74303696680069,l2_norm,train,,task3_gan\Yuyao_Ding\outputs\task3_formal_20260927T075834Z_d335ae80\evaluation_20260927T130841Z_a267de\evaluation.json
task3_formal_20260927T075834Z_d335ae80,epoch_100,gradient_norm_D_A,4.861523865938187,l2_norm,train,,task3_gan\Yuyao_Ding\outputs\task3_formal_20260927T075834Z_d335ae80\evaluation_20260927T130841Z_a267de\evaluation.json
task3_formal_20260927T075834Z_d335ae80,epoch_100,gradient_norm_D_B,5.480059175848961,l2_norm,train,,task3_gan\Yuyao_Ding\outputs\task3_formal_20260927T075834Z_d335ae80\evaluation_20260927T130841Z_a267de\evaluation.json
task3_formal_20260927T075834Z_d335ae80,overall,human_style_mean,2.6666666666666665,score_1_to_5,fixed_blind_audit,d22ff9d9de85ed8103f0cc7124a9007cd155ca4eaf21f993704cfcf02d2ddfbf,task3_gan/Yuyao_Ding/outputs/task3_formal_20260927T075834Z_d335ae80/evaluation_20260927T130841Z_a267de/audit_results.json
task3_formal_20260927T075834Z_d335ae80,overall,human_style_exact_agreement,0.6666666666666666,ratio,fixed_blind_audit,d22ff9d9de85ed8103f0cc7124a9007cd155ca4eaf21f993704cfcf02d2ddfbf,task3_gan/Yuyao_Ding/outputs/task3_formal_20260927T075834Z_d335ae80/evaluation_20260927T130841Z_a267de/audit_results.json
task3_formal_20260927T075834Z_d335ae80,overall,human_style_cohen_kappa,0.509001636661211,ratio,fixed_blind_audit,d22ff9d9de85ed8103f0cc7124a9007cd155ca4eaf21f993704cfcf02d2ddfbf,task3_gan/Yuyao_Ding/outputs/task3_formal_20260927T075834Z_d335ae80/evaluation_20260927T130841Z_a267de/audit_results.json
task3_formal_20260927T075834Z_d335ae80,overall,human_content_mean,2.9,score_1_to_5,fixed_blind_audit,d22ff9d9de85ed8103f0cc7124a9007cd155ca4eaf21f993704cfcf02d2ddfbf,task3_gan/Yuyao_Ding/outputs/task3_formal_20260927T075834Z_d335ae80/evaluation_20260927T130841Z_a267de/audit_results.json
task3_formal_20260927T075834Z_d335ae80,overall,human_content_exact_agreement,0.8333333333333334,ratio,fixed_blind_audit,d22ff9d9de85ed8103f0cc7124a9007cd155ca4eaf21f993704cfcf02d2ddfbf,task3_gan/Yuyao_Ding/outputs/task3_formal_20260927T075834Z_d335ae80/evaluation_20260927T130841Z_a267de/audit_results.json
task3_formal_20260927T075834Z_d335ae80,overall,human_content_cohen_kappa,0.7645211930926216,ratio,fixed_blind_audit,d22ff9d9de85ed8103f0cc7124a9007cd155ca4eaf21f993704cfcf02d2ddfbf,task3_gan/Yuyao_Ding/outputs/task3_formal_20260927T075834Z_d335ae80/evaluation_20260927T130841Z_a267de/audit_results.json
task3_formal_20260927T075834Z_d335ae80,overall,human_artifact_free_mean,2.4833333333333334,score_1_to_5,fixed_blind_audit,d22ff9d9de85ed8103f0cc7124a9007cd155ca4eaf21f993704cfcf02d2ddfbf,task3_gan/Yuyao_Ding/outputs/task3_formal_20260927T075834Z_d335ae80/evaluation_20260927T130841Z_a267de/audit_results.json
task3_formal_20260927T075834Z_d335ae80,overall,human_artifact_free_exact_agreement,0.6666666666666666,ratio,fixed_blind_audit,d22ff9d9de85ed8103f0cc7124a9007cd155ca4eaf21f993704cfcf02d2ddfbf,task3_gan/Yuyao_Ding/outputs/task3_formal_20260927T075834Z_d335ae80/evaluation_20260927T130841Z_a267de/audit_results.json
task3_formal_20260927T075834Z_d335ae80,overall,human_artifact_free_cohen_kappa,0.537037037037037,ratio,fixed_blind_audit,d22ff9d9de85ed8103f0cc7124a9007cd155ca4eaf21f993704cfcf02d2ddfbf,task3_gan/Yuyao_Ding/outputs/task3_formal_20260927T075834Z_d335ae80/evaluation_20260927T130841Z_a267de/audit_results.json
task3_formal_20260927T075834Z_d335ae80,A2B,human_style_mean,2.566666666666667,score_1_to_5,fixed_blind_audit,d22ff9d9de85ed8103f0cc7124a9007cd155ca4eaf21f993704cfcf02d2ddfbf,task3_gan/Yuyao_Ding/outputs/task3_formal_20260927T075834Z_d335ae80/evaluation_20260927T130841Z_a267de/audit_results.json
task3_formal_20260927T075834Z_d335ae80,A2B,human_style_exact_agreement,0.6666666666666666,ratio,fixed_blind_audit,d22ff9d9de85ed8103f0cc7124a9007cd155ca4eaf21f993704cfcf02d2ddfbf,task3_gan/Yuyao_Ding/outputs/task3_formal_20260927T075834Z_d335ae80/evaluation_20260927T130841Z_a267de/audit_results.json
task3_formal_20260927T075834Z_d335ae80,A2B,human_style_cohen_kappa,0.489795918367347,ratio,fixed_blind_audit,d22ff9d9de85ed8103f0cc7124a9007cd155ca4eaf21f993704cfcf02d2ddfbf,task3_gan/Yuyao_Ding/outputs/task3_formal_20260927T075834Z_d335ae80/evaluation_20260927T130841Z_a267de/audit_results.json
task3_formal_20260927T075834Z_d335ae80,A2B,human_content_mean,2.7666666666666666,score_1_to_5,fixed_blind_audit,d22ff9d9de85ed8103f0cc7124a9007cd155ca4eaf21f993704cfcf02d2ddfbf,task3_gan/Yuyao_Ding/outputs/task3_formal_20260927T075834Z_d335ae80/evaluation_20260927T130841Z_a267de/audit_results.json
task3_formal_20260927T075834Z_d335ae80,A2B,human_content_exact_agreement,0.9333333333333333,ratio,fixed_blind_audit,d22ff9d9de85ed8103f0cc7124a9007cd155ca4eaf21f993704cfcf02d2ddfbf,task3_gan/Yuyao_Ding/outputs/task3_formal_20260927T075834Z_d335ae80/evaluation_20260927T130841Z_a267de/audit_results.json
task3_formal_20260927T075834Z_d335ae80,A2B,human_content_cohen_kappa,0.9044585987261147,ratio,fixed_blind_audit,d22ff9d9de85ed8103f0cc7124a9007cd155ca4eaf21f993704cfcf02d2ddfbf,task3_gan/Yuyao_Ding/outputs/task3_formal_20260927T075834Z_d335ae80/evaluation_20260927T130841Z_a267de/audit_results.json
task3_formal_20260927T075834Z_d335ae80,A2B,human_artifact_free_mean,2.3666666666666667,score_1_to_5,fixed_blind_audit,d22ff9d9de85ed8103f0cc7124a9007cd155ca4eaf21f993704cfcf02d2ddfbf,task3_gan/Yuyao_Ding/outputs/task3_formal_20260927T075834Z_d335ae80/evaluation_20260927T130841Z_a267de/audit_results.json
task3_formal_20260927T075834Z_d335ae80,A2B,human_artifact_free_exact_agreement,0.6666666666666666,ratio,fixed_blind_audit,d22ff9d9de85ed8103f0cc7124a9007cd155ca4eaf21f993704cfcf02d2ddfbf,task3_gan/Yuyao_Ding/outputs/task3_formal_20260927T075834Z_d335ae80/evaluation_20260927T130841Z_a267de/audit_results.json
task3_formal_20260927T075834Z_d335ae80,A2B,human_artifact_free_cohen_kappa,0.5033112582781456,ratio,fixed_blind_audit,d22ff9d9de85ed8103f0cc7124a9007cd155ca4eaf21f993704cfcf02d2ddfbf,task3_gan/Yuyao_Ding/outputs/task3_formal_20260927T075834Z_d335ae80/evaluation_20260927T130841Z_a267de/audit_results.json
task3_formal_20260927T075834Z_d335ae80,B2A,human_style_mean,2.7666666666666666,score_1_to_5,fixed_blind_audit,d22ff9d9de85ed8103f0cc7124a9007cd155ca4eaf21f993704cfcf02d2ddfbf,task3_gan/Yuyao_Ding/outputs/task3_formal_20260927T075834Z_d335ae80/evaluation_20260927T130841Z_a267de/audit_results.json
task3_formal_20260927T075834Z_d335ae80,B2A,human_style_exact_agreement,0.6666666666666666,ratio,fixed_blind_audit,d22ff9d9de85ed8103f0cc7124a9007cd155ca4eaf21f993704cfcf02d2ddfbf,task3_gan/Yuyao_Ding/outputs/task3_formal_20260927T075834Z_d335ae80/evaluation_20260927T130841Z_a267de/audit_results.json
task3_formal_20260927T075834Z_d335ae80,B2A,human_style_cohen_kappa,0.4932432432432432,ratio,fixed_blind_audit,d22ff9d9de85ed8103f0cc7124a9007cd155ca4eaf21f993704cfcf02d2ddfbf,task3_gan/Yuyao_Ding/outputs/task3_formal_20260927T075834Z_d335ae80/evaluation_20260927T130841Z_a267de/audit_results.json
task3_formal_20260927T075834Z_d335ae80,B2A,human_content_mean,3.033333333333333,score_1_to_5,fixed_blind_audit,d22ff9d9de85ed8103f0cc7124a9007cd155ca4eaf21f993704cfcf02d2ddfbf,task3_gan/Yuyao_Ding/outputs/task3_formal_20260927T075834Z_d335ae80/evaluation_20260927T130841Z_a267de/audit_results.json
task3_formal_20260927T075834Z_d335ae80,B2A,human_content_exact_agreement,0.7333333333333333,ratio,fixed_blind_audit,d22ff9d9de85ed8103f0cc7124a9007cd155ca4eaf21f993704cfcf02d2ddfbf,task3_gan/Yuyao_Ding/outputs/task3_formal_20260927T075834Z_d335ae80/evaluation_20260927T130841Z_a267de/audit_results.json
task3_formal_20260927T075834Z_d335ae80,B2A,human_content_cohen_kappa,0.5945945945945945,ratio,fixed_blind_audit,d22ff9d9de85ed8103f0cc7124a9007cd155ca4eaf21f993704cfcf02d2ddfbf,task3_gan/Yuyao_Ding/outputs/task3_formal_20260927T075834Z_d335ae80/evaluation_20260927T130841Z_a267de/audit_results.json
task3_formal_20260927T075834Z_d335ae80,B2A,human_artifact_free_mean,2.6,score_1_to_5,fixed_blind_audit,d22ff9d9de85ed8103f0cc7124a9007cd155ca4eaf21f993704cfcf02d2ddfbf,task3_gan/Yuyao_Ding/outputs/task3_formal_20260927T075834Z_d335ae80/evaluation_20260927T130841Z_a267de/audit_results.json
task3_formal_20260927T075834Z_d335ae80,B2A,human_artifact_free_exact_agreement,0.6666666666666666,ratio,fixed_blind_audit,d22ff9d9de85ed8103f0cc7124a9007cd155ca4eaf21f993704cfcf02d2ddfbf,task3_gan/Yuyao_Ding/outputs/task3_formal_20260927T075834Z_d335ae80/evaluation_20260927T130841Z_a267de/audit_results.json
task3_formal_20260927T075834Z_d335ae80,B2A,human_artifact_free_cohen_kappa,0.5562130177514792,ratio,fixed_blind_audit,d22ff9d9de85ed8103f0cc7124a9007cd155ca4eaf21f993704cfcf02d2ddfbf,task3_gan/Yuyao_Ding/outputs/task3_formal_20260927T075834Z_d335ae80/evaluation_20260927T130841Z_a267de/audit_results.json
task3_formal_20260927T075834Z_d335ae80,both,kaggle_public_score,-52.8347,leaderboard_score,kaggle_public,d22ff9d9de85ed8103f0cc7124a9007cd155ca4eaf21f993704cfcf02d2ddfbf,task3_gan/Yuyao_Ding/outputs/kaggle_public_submissions.png
